id,first_name,last_name,email,gender,country,address,birth_date,is_employed,car_model_year
1,Holly,Launchbury,hlaunchbury0@csmonitor.com,Female,France,17th Floor,12/19/2022,false,1995
2,Charmain,Rust,crust1@unc.edu,Female,Germany,18th Floor,1/1/2023,true,1998
3,Ottilie,Haxley,ohaxley2@hud.gov,Female,Peru,15th Floor,11/25/2022,false,2004
4,Granthem,Beddo,gbeddo3@amazon.co.uk,Male,Portugal,Room 204,10/6/2023,true,1994
5,Leticia,Lesslie,llesslie4@fotki.com,Female,China,PO Box 69478,3/20/2023,true,1994
6,Malcolm,Mollen,mmollen5@youtube.com,Male,France,Suite 26,6/2/2023,true,1999
7,Alessandro,Toghill,atoghill6@virginia.edu,Male,Indonesia,PO Box 7210,5/20/2023,true,1992
8,North,Knoton,nknoton7@plala.or.jp,Male,United States,Suite 5,11/10/2023,false,2008
9,Juliane,Guilfoyle,jguilfoyle8@kickstarter.com,Female,Czech Republic,Apt 102,2/24/2023,true,1999
10,Tatiana,Markwelley,tmarkwelley9@artisteer.com,Agender,Honduras,PO Box 10193,8/13/2023,false,2005
11,Darleen,De Miranda,ddemirandaa@digg.com,Female,Malaysia,13th Floor,9/22/2023,false,2003
12,Siward,Bolte,sbolteb@moonfruit.com,Male,Poland,Room 1775,8/29/2023,true,1995
13,Nappie,Jachimczak,njachimczakc@sitemeter.com,Male,Canada,Room 485,6/19/2023,false,2003
14,Shepperd,Martill,smartilld@jigsy.com,Male,Philippines,7th Floor,10/28/2023,true,2001
15,Timoteo,Jindracek,tjindraceke@aol.com,Male,Syria,PO Box 11615,2/15/2023,true,2003
16,Rorie,Pellissier,rpellissierf@sogou.com,Genderqueer,Japan,Apt 885,6/20/2023,true,1992
17,Jarrod,Venediktov,jvenediktovg@about.com,Male,Zimbabwe,PO Box 92093,9/6/2023,true,2005
18,Brade,Topes,btopesh@comcast.net,Male,Poland,PO Box 43841,9/29/2023,false,2002
19,Dewain,Keston,dkestoni@webnode.com,Male,France,Apt 1253,3/26/2023,false,2004
20,Franciskus,Huntress,fhuntressj@usgs.gov,Genderfluid,Germany,18th Floor,7/16/2023,false,1994
21,Chaunce,Roubay,croubayk@behance.net,Male,Norway,18th Floor,8/13/2023,false,1994
22,Elton,Shills,eshillsl@mysql.com,Male,Portugal,PO Box 92413,4/22/2023,true,2009
23,Den,Tomasini,dtomasinim@wix.com,Male,Brazil,PO Box 30319,2/21/2023,false,1995
24,Loria,Rickaert,lrickaertn@amazonaws.com,Female,Russia,Suite 9,5/30/2023,false,1997
25,Lucais,Bogey,lbogeyo@flavors.me,Male,Finland,Room 738,5/13/2023,true,2008
26,Kerstin,Dominico,kdominicop@google.es,Female,France,Apt 1843,5/7/2023,false,2001
27,Rogers,Gye,rgyeq@hibu.com,Male,Bosnia and Herzegovina,Apt 332,4/3/2023,true,2012
28,Miltie,Brittian,mbrittianr@japanpost.jp,Male,France,Suite 40,5/19/2023,false,2005
29,Hasty,Stagge,hstagges@icio.us,Male,Brazil,PO Box 58337,2/16/2023,false,2009
30,Lira,Stepto,lsteptot@biblegateway.com,Female,Japan,Apt 1473,8/27/2023,true,1992
31,Thain,Rowsel,trowselu@instagram.com,Male,Bosnia and Herzegovina,Suite 15,7/6/2023,true,2003
32,Sophronia,Kilmister,skilmisterv@businessweek.com,Female,China,Room 1058,10/29/2023,true,1970
33,Lani,McGibbon,lmcgibbonw@drupal.org,Female,China,1st Floor,3/21/2023,true,2005
34,Grantley,Parkman,gparkmanx@google.es,Male,Colombia,9th Floor,8/14/2023,true,1997
35,Boycey,Challin,bchalliny@is.gd,Male,China,Suite 99,12/4/2022,true,2002
36,Emmaline,Kevane,ekevanez@nature.com,Female,Indonesia,8th Floor,1/27/2023,true,1997
37,Rossy,Heinert,rheinert10@disqus.com,Male,Belarus,Suite 45,9/5/2023,true,2003
38,Gareth,Tarn,gtarn11@twitter.com,Male,Indonesia,Room 1516,5/13/2023,false,2002
39,Ennis,Top,etop12@quantcast.com,Genderqueer,China,Suite 16,7/26/2023,false,2004
40,Batsheva,Schwandermann,bschwandermann13@uiuc.edu,Female,Philippines,Apt 945,3/9/2023,false,2004
41,Auria,Rolf,arolf14@privacy.gov.au,Female,Thailand,Apt 1098,5/6/2023,false,1994
42,Huntley,Burdas,hburdas15@dropbox.com,Male,China,Apt 1133,8/15/2023,false,2012
43,Georgie,Lardner,glardner16@irs.gov,Male,French Polynesia,Apt 409,1/17/2023,false,2010
44,Basile,Di Angelo,bdiangelo17@purevolume.com,Male,Canada,Apt 605,11/19/2022,true,2001
45,Natalina,Carnell,ncarnell18@php.net,Female,Czech Republic,Apt 155,8/10/2023,true,2000
46,Dominic,Ezzle,dezzle19@constantcontact.com,Male,South Africa,6th Floor,6/5/2023,false,1967
47,Earl,Lacey,elacey1a@utexas.edu,Male,Sweden,PO Box 18472,7/18/2023,false,1962
48,Perla,Vasilkov,pvasilkov1b@jigsy.com,Female,China,PO Box 4654,12/27/2022,true,1999
49,Twila,Tomczynski,ttomczynski1c@va.gov,Female,Russia,Apt 1842,10/26/2023,true,2010
50,Alica,Aseef,aaseef1d@1688.com,Female,France,Apt 314,3/16/2023,false,1986
51,Korie,Basil,kbasil1e@nifty.com,Female,Ukraine,Room 1616,3/14/2023,true,1990
52,Jilleen,Ridder,jridder1f@accuweather.com,Female,Indonesia,Room 1753,4/24/2023,true,2001
53,Buddy,Bilborough,bbilborough1g@wikimedia.org,Male,French Polynesia,Apt 1208,6/18/2023,false,1995
54,Giana,Keely,gkeely1h@sogou.com,Female,Japan,10th Floor,8/8/2023,false,1999
55,Curr,Jaycox,cjaycox1i@dell.com,Male,Brazil,Room 1270,3/10/2023,false,1992
56,Rois,Bridgestock,rbridgestock1j@vistaprint.com,Female,China,Suite 64,7/27/2023,true,2006
57,Tripp,O'Hengerty,tohengerty1k@unesco.org,Male,United States,14th Floor,1/7/2023,true,2004
58,Daisie,Alphonso,dalphonso1l@wikispaces.com,Female,Philippines,PO Box 18082,12/20/2022,true,2009
59,Bridget,Garlinge,bgarlinge1m@blogs.com,Female,China,Apt 1500,1/9/2023,false,1992
60,Anstice,Semor,asemor1n@comsenz.com,Female,Philippines,Apt 1479,12/18/2022,true,2011
61,Hilary,Busain,hbusain1o@mit.edu,Male,Indonesia,Room 1787,9/17/2023,true,2012
62,Jessalyn,Andriveaux,jandriveaux1p@vistaprint.com,Female,Poland,Room 1921,10/28/2023,false,1999
63,Shanie,Hargraves,shargraves1q@livejournal.com,Female,Tonga,Suite 99,6/8/2023,true,2000
64,Jenna,Petrak,jpetrak1r@delicious.com,Female,China,Room 1205,5/8/2023,true,2003
65,Rancell,Pruckner,rpruckner1s@posterous.com,Male,Brazil,Suite 43,2/16/2023,false,1993
66,Christiano,Cayette,ccayette1t@bizjournals.com,Male,Sweden,Apt 601,1/14/2023,true,1997
67,Gloriane,Prendeville,gprendeville1u@godaddy.com,Female,Czech Republic,Suite 43,6/3/2023,true,1987
68,Nataniel,Kurth,nkurth1v@yolasite.com,Male,Lithuania,Apt 124,7/30/2023,true,1992
69,Vonnie,Pethick,vpethick1w@github.io,Female,Portugal,PO Box 91233,1/2/2023,true,2004
70,Bond,Clendennen,bclendennen1x@disqus.com,Male,Togo,PO Box 43009,8/24/2023,false,1973
71,Eran,Cerie,ecerie1y@census.gov,Female,Mexico,Suite 19,1/27/2023,false,1994
72,Reynard,Armell,rarmell1z@smh.com.au,Male,Netherlands,Room 1054,5/15/2023,false,1997
73,Barrie,Bonallack,bbonallack20@springer.com,Female,France,Apt 1388,1/7/2023,true,2006
74,Annnora,Haynes,ahaynes21@com.com,Female,Philippines,Suite 61,5/18/2023,false,2007
75,Jacki,Knibb,jknibb22@hatena.ne.jp,Female,Poland,Room 1292,6/10/2023,false,2012
76,Karna,Mixhel,kmixhel23@ox.ac.uk,Genderqueer,Venezuela,Apt 1945,5/3/2023,false,1992
77,Matelda,Kneel,mkneel24@com.com,Female,Honduras,10th Floor,11/9/2023,true,1997
78,Clementia,Raisher,craisher25@gnu.org,Female,Mozambique,PO Box 89829,2/6/2023,false,1973
79,Caren,Kingh,ckingh26@rakuten.co.jp,Polygender,Germany,PO Box 80552,8/22/2023,true,2000
80,Wilmar,McCaughran,wmccaughran27@craigslist.org,Male,Nigeria,Suite 77,6/26/2023,false,1985
81,Helli,Grimsdith,hgrimsdith28@arstechnica.com,Female,Greece,Suite 54,4/7/2023,false,1983
82,Bernardo,Dimmack,bdimmack29@amazon.co.uk,Male,Latvia,10th Floor,5/18/2023,true,1998
83,Gav,Ellcock,gellcock2a@shareasale.com,Male,Russia,Suite 52,9/21/2023,false,1996
84,Leanora,Nairn,lnairn2b@discuz.net,Female,China,Apt 1907,4/10/2023,false,2010
85,Reagen,Cheatle,rcheatle2c@mapy.cz,Male,Bosnia and Herzegovina,Room 1931,11/30/2022,false,2012
86,Trude,Driver,tdriver2d@example.com,Female,Jamaica,Room 1305,12/5/2022,true,2010
87,Rosanna,Heis,rheis2e@cnn.com,Female,Portugal,8th Floor,2/22/2023,true,1999
88,Alana,Snoxell,asnoxell2f@archive.org,Female,Spain,Suite 50,11/9/2023,false,1995
89,Donica,Mingay,dmingay2g@qq.com,Female,China,Apt 909,11/5/2023,true,2004
90,Florance,Filipponi,ffilipponi2h@g.co,Female,China,2nd Floor,12/12/2022,true,2005
91,Hyatt,Shimman,hshimman2i@usnews.com,Male,Russia,17th Floor,11/12/2023,true,2001
92,Tremaine,Cornes,tcornes2j@walmart.com,Male,Philippines,4th Floor,5/16/2023,false,1988
93,Bartel,Rosberg,brosberg2k@fema.gov,Male,Bosnia and Herzegovina,Room 209,12/9/2022,true,2004
94,Hagan,Gerge,hgerge2l@army.mil,Male,Malaysia,Apt 392,12/22/2022,true,1992
95,Corrianne,Doerren,cdoerren2m@unesco.org,Female,Mongolia,18th Floor,7/10/2023,true,2001
96,Egor,Larkins,elarkins2n@comsenz.com,Bigender,Vietnam,Suite 21,1/24/2023,true,1995
97,Gavra,Oneile,goneile2o@yandex.ru,Female,China,PO Box 96142,9/30/2023,false,2013
98,Brig,Garrals,bgarrals2p@freewebs.com,Male,Jordan,Suite 53,1/1/2023,true,1989
99,Terrance,Fridaye,tfridaye2q@businessweek.com,Male,Philippines,3rd Floor,6/12/2023,false,2000
100,Durante,Breddy,dbreddy2r@nps.gov,Male,Tunisia,11th Floor,9/18/2023,true,2008
101,Amalle,Daulby,adaulby2s@ihg.com,Female,Poland,Suite 73,3/22/2023,false,1999
102,Bendix,Coniff,bconiff2t@prweb.com,Male,China,Apt 1738,7/13/2023,true,2008
103,Tammi,Wallace,twallace2u@dion.ne.jp,Female,Argentina,Apt 1842,10/7/2023,true,2009
104,Hatty,Gold,hgold2v@fda.gov,Female,China,12th Floor,11/8/2023,true,2010
105,Isaiah,Graddon,igraddon2w@smh.com.au,Agender,Indonesia,PO Box 82033,8/4/2023,true,2001
106,Nico,Wasteney,nwasteney2x@npr.org,Male,Mozambique,19th Floor,10/25/2023,true,2002
107,Leonidas,Lowdiane,llowdiane2y@google.nl,Genderqueer,United States,PO Box 134,12/30/2022,true,2012
108,Conroy,Skeen,cskeen2z@boston.com,Non-binary,China,Room 1373,8/19/2023,false,2009
109,Collette,Skelington,cskelington30@hc360.com,Genderfluid,Brazil,PO Box 80856,11/17/2022,true,2009
110,Nappie,Dominick,ndominick31@friendfeed.com,Male,China,PO Box 92279,1/29/2023,true,2008
111,Sharon,Shoobridge,sshoobridge32@nytimes.com,Female,China,PO Box 93815,4/19/2023,false,1993
112,Rochell,Vertey,rvertey33@dagondesign.com,Female,Vietnam,Suite 79,2/4/2023,false,2011
113,Janith,Lindsay,jlindsay34@sbwire.com,Female,Canada,PO Box 86478,3/31/2023,true,1994
114,Evie,Fensome,efensome35@networkadvertising.org,Female,Greece,Room 799,8/6/2023,false,2008
115,Inglebert,Jarrold,ijarrold36@ted.com,Male,Indonesia,Room 873,10/1/2023,true,2007
116,Gwenette,Banat,gbanat37@engadget.com,Non-binary,Portugal,PO Box 18825,1/3/2023,true,2010
117,Robb,Wheeler,rwheeler38@economist.com,Male,Poland,Room 1399,9/26/2023,true,1996
118,Onfroi,Crab,ocrab39@admin.ch,Male,Kazakhstan,Apt 1533,7/22/2023,false,2010
119,Anett,Goodsal,agoodsal3a@dot.gov,Female,Madagascar,11th Floor,5/11/2023,true,2001
120,Eve,Eyes,eeyes3b@stanford.edu,Female,Bosnia and Herzegovina,PO Box 63729,10/20/2023,false,2011
121,Pierrette,Wilacot,pwilacot3c@1688.com,Female,Indonesia,Suite 68,12/10/2022,false,2006
122,Jamima,Beardall,jbeardall3d@jimdo.com,Female,Czech Republic,Apt 88,2/27/2023,true,2000
123,Colman,Bordiss,cbordiss3e@mapquest.com,Male,Philippines,Apt 1838,7/29/2023,false,2006
124,Miles,Argile,margile3f@japanpost.jp,Male,Indonesia,Apt 817,3/27/2023,true,1998
125,Harman,Trevor,htrevor3g@flickr.com,Male,France,PO Box 47245,12/3/2022,false,2002
126,Orlan,Rounsefell,orounsefell3h@tiny.cc,Male,Poland,Room 1368,7/8/2023,false,2004
127,Nevsa,Bright,nbright3i@blog.com,Female,Indonesia,7th Floor,6/16/2023,true,2004
128,Gaylord,Livezley,glivezley3j@ucla.edu,Male,China,Apt 838,11/23/2022,true,1992
129,Jamill,Kittle,jkittle3k@pagesperso-orange.fr,Male,Serbia,PO Box 77078,7/26/2023,false,2004
130,Horacio,Le Barr,hlebarr3l@shutterfly.com,Male,China,Room 831,10/15/2023,false,2002
131,Belicia,Abramovicz,babramovicz3m@drupal.org,Female,Czech Republic,Apt 9,2/7/2023,false,1992
132,Nadiya,Tavener,ntavener3n@godaddy.com,Bigender,Uganda,PO Box 67697,4/5/2023,false,1998
133,Lexy,Kohter,lkohter3o@privacy.gov.au,Female,Russia,12th Floor,10/15/2023,true,1994
134,Caldwell,Trevascus,ctrevascus3p@symantec.com,Male,China,Suite 14,5/19/2023,true,2002
135,Anitra,Rolance,arolance3q@va.gov,Female,Indonesia,PO Box 67803,8/7/2023,false,1987
136,Sibilla,Elener,selener3r@sphinn.com,Genderfluid,North Korea,PO Box 39126,4/27/2023,false,2009
137,Leanor,Culham,lculham3s@uol.com.br,Female,China,12th Floor,5/20/2023,false,1994
138,Wilbert,Chung,wchung3t@cbc.ca,Male,Indonesia,2nd Floor,2/26/2023,true,1993
139,Brendan,Valerius,bvalerius3u@istockphoto.com,Male,Belarus,Suite 19,11/25/2022,false,2007
140,Sterne,Eltune,seltune3v@purevolume.com,Male,Colombia,14th Floor,3/6/2023,false,1992
141,Brook,Downton,bdownton3w@weebly.com,Female,China,Room 1432,7/20/2023,true,1985
142,Barbabra,Melladew,bmelladew3x@chronoengine.com,Bigender,Russia,5th Floor,3/7/2023,true,1997
143,Jarid,Castanos,jcastanos3y@kickstarter.com,Male,South Korea,1st Floor,11/27/2022,false,2001
144,Eilis,Perrington,eperrington3z@salon.com,Female,China,Room 1502,11/2/2023,true,1990
145,Clevey,Bawden,cbawden40@gizmodo.com,Male,Ivory Coast,Room 1574,11/20/2022,false,2003
146,Nadiya,Densell,ndensell41@icq.com,Female,Armenia,Apt 917,7/14/2023,false,2007
147,Aldin,Hadlee,ahadlee42@yolasite.com,Genderfluid,Philippines,Room 1487,11/11/2023,true,2003
148,Sibby,Lochet,slochet43@dyndns.org,Female,Poland,Suite 8,10/19/2023,true,1998
149,Lory,Abrey,labrey44@geocities.jp,Female,Ecuador,Suite 7,7/24/2023,false,2001
150,Tammara,Arnaldo,tarnaldo45@tumblr.com,Female,Dominica,16th Floor,12/30/2022,false,2009
151,Eyde,Eaglen,eeaglen46@buzzfeed.com,Female,Spain,10th Floor,7/12/2023,true,2005
152,Berty,Bachelor,bbachelor47@irs.gov,Male,Indonesia,PO Box 90410,1/11/2023,true,2002
153,Fanchette,Rymmer,frymmer48@tiny.cc,Female,Japan,PO Box 5854,3/20/2023,true,2013
154,Linus,Karel,lkarel49@weibo.com,Male,China,Room 1967,1/15/2023,false,1996
155,Tedman,Wicks,twicks4a@mit.edu,Male,Brazil,PO Box 48050,7/18/2023,true,2011
156,Pablo,Schroter,pschroter4b@youku.com,Male,China,Apt 345,11/6/2023,true,2007
157,Hildegaard,Egerton,hegerton4c@nbcnews.com,Female,Peru,Apt 428,1/31/2023,false,2006
158,Redford,Fussie,rfussie4d@soup.io,Male,Barbados,7th Floor,10/20/2023,true,2011
159,Elyn,Webley,ewebley4e@merriam-webster.com,Female,China,Room 1503,3/18/2023,false,2008
160,Sergent,Pimblott,spimblott4f@comsenz.com,Male,Philippines,Suite 87,8/20/2023,true,1992
161,Georgetta,Ohrt,gohrt4g@chron.com,Polygender,Cuba,9th Floor,5/31/2023,false,2005
162,Margie,Dackombe,mdackombe4h@go.com,Female,Albania,13th Floor,6/26/2023,true,2009
163,Clarette,Cromie,ccromie4i@studiopress.com,Female,China,Suite 84,10/23/2023,false,1992
164,Saunders,Scannell,sscannell4j@intel.com,Male,Latvia,Apt 693,6/19/2023,false,2005
165,Abdul,Auckland,aauckland4k@ed.gov,Male,Tunisia,6th Floor,6/11/2023,false,2008
166,Northrop,Chiese,nchiese4l@yellowbook.com,Male,Morocco,Apt 1630,11/7/2023,false,1988
167,Josephine,Huitt,jhuitt4m@ibm.com,Female,Philippines,7th Floor,12/24/2022,false,1996
168,Hortense,Ranby,hranby4n@sfgate.com,Female,China,Room 817,12/19/2022,true,2009
169,Josephina,Podbury,jpodbury4o@blog.com,Bigender,Indonesia,11th Floor,11/12/2023,false,1996
170,Rockie,Burnie,rburnie4p@photobucket.com,Male,Moldova,Suite 4,7/26/2023,true,2011
171,Amalea,Mountjoy,amountjoy4q@plala.or.jp,Female,Philippines,Room 1439,12/30/2022,true,2012
172,Billye,Garriock,bgarriock4r@columbia.edu,Female,Peru,Apt 827,10/3/2023,true,1989
173,Pattie,Coy,pcoy4s@typepad.com,Female,China,Suite 4,10/16/2023,false,2012
174,Clio,Langdale,clangdale4t@furl.net,Female,China,11th Floor,4/7/2023,true,2002
175,Byrom,Maywood,bmaywood4u@reuters.com,Male,Serbia,Apt 1910,3/8/2023,true,1991
176,Norris,Stivey,nstivey4v@bandcamp.com,Male,Indonesia,Room 1249,11/25/2022,true,2009
177,Aristotle,Donlon,adonlon4w@sina.com.cn,Agender,Indonesia,PO Box 38484,10/1/2023,false,1996
178,Marna,De Bischop,mdebischop4x@reuters.com,Female,Turkmenistan,Apt 1317,9/4/2023,true,1993
179,Tedd,Hallgate,thallgate4y@foxnews.com,Male,Peru,PO Box 19061,10/31/2023,true,1986
180,Guglielmo,Pollicott,gpollicott4z@blogspot.com,Male,Ukraine,PO Box 51584,10/24/2023,false,1991
181,Artur,French,afrench50@netvibes.com,Male,United Kingdom,PO Box 49899,6/21/2023,false,2000
182,Lorrayne,Knill,lknill51@topsy.com,Female,Nigeria,8th Floor,1/16/2023,false,2009
183,Malinde,Koeppke,mkoeppke52@upenn.edu,Female,Morocco,PO Box 81407,7/4/2023,true,2008
184,Moshe,Deal,mdeal53@google.it,Male,China,Room 536,4/30/2023,false,2000
185,Isabelita,Le Frank,ilefrank54@walmart.com,Bigender,China,Suite 43,12/14/2022,false,1997
186,Claudie,Wearing,cwearing55@unc.edu,Female,Iraq,Room 800,7/11/2023,true,1984
187,Daffi,Woodford,dwoodford56@comcast.net,Female,Philippines,1st Floor,1/17/2023,false,2012
188,Elliott,Leah,eleah57@smugmug.com,Male,China,Room 1326,8/30/2023,true,1995
189,Lynett,Crix,lcrix58@ocn.ne.jp,Female,Bulgaria,Suite 36,2/21/2023,false,2002
190,Conni,Hriinchenko,chriinchenko59@dedecms.com,Female,China,Suite 62,4/8/2023,true,2012
191,Hasty,Pygott,hpygott5a@goodreads.com,Male,Brazil,Room 603,10/1/2023,false,2005
192,Maggee,Woolford,mwoolford5b@go.com,Polygender,Democratic Republic of the Congo,9th Floor,10/17/2023,false,2002
193,Nefen,Chillcot,nchillcot5c@nba.com,Male,China,Apt 132,10/20/2023,true,2008
194,Rori,Bwye,rbwye5d@google.co.jp,Female,Mexico,5th Floor,12/9/2022,true,1993
195,Lexie,Parmley,lparmley5e@jimdo.com,Female,Thailand,Apt 1397,11/6/2023,false,2000
196,Vin,Dewick,vdewick5f@jalbum.net,Female,Finland,Room 164,10/3/2023,false,2010
197,Nadiya,Boschmann,nboschmann5g@ycombinator.com,Agender,Thailand,Room 870,3/19/2023,false,1993
198,Elnore,Eglin,eeglin5h@eepurl.com,Female,China,Suite 47,12/24/2022,true,2002
199,Simon,Bartolommeo,sbartolommeo5i@livejournal.com,Male,Namibia,Room 19,9/3/2023,false,2007
200,Rani,Foan,rfoan5j@ftc.gov,Female,Malaysia,Room 1600,2/12/2023,true,1997
201,Luigi,Folliott,lfolliott5k@unblog.fr,Male,China,Suite 16,3/8/2023,true,2012
202,Andrew,Giacaponi,agiacaponi5l@yellowpages.com,Bigender,China,Room 109,1/31/2023,true,2011
203,Rita,Bathurst,rbathurst5m@economist.com,Female,Nigeria,Apt 1072,7/18/2023,true,1992
204,Giffard,Askem,gaskem5n@hibu.com,Male,Russia,Room 1092,8/13/2023,false,2009
205,Felice,Dunbobin,fdunbobin5o@ameblo.jp,Male,Russia,Room 1954,6/4/2023,false,1992
206,Gualterio,Wattingham,gwattingham5p@hatena.ne.jp,Male,China,Room 1333,5/23/2023,false,2003
207,Caterina,Moubray,cmoubray5q@usgs.gov,Female,Portugal,PO Box 39529,12/10/2022,true,1997
208,Natty,Calkin,ncalkin5r@apache.org,Male,France,5th Floor,7/31/2023,false,1984
209,Mick,Scorey,mscorey5s@cafepress.com,Male,Ivory Coast,Apt 290,8/10/2023,false,1986
210,Carleen,McIlvenna,cmcilvenna5t@admin.ch,Female,Russia,PO Box 56816,6/3/2023,true,1986
211,Kellie,Alesi,kalesi5u@sphinn.com,Female,Czech Republic,PO Box 46574,8/14/2023,false,1985
212,Grenville,Soutar,gsoutar5v@abc.net.au,Male,Portugal,Apt 1455,12/18/2022,true,2006
213,Erny,Benkin,ebenkin5w@reuters.com,Male,Poland,Suite 25,8/17/2023,false,2007
214,Brocky,Cornelleau,bcornelleau5x@typepad.com,Male,Indonesia,Room 1593,2/7/2023,false,1960
215,Woodie,Maccari,wmaccari5y@ow.ly,Male,Czech Republic,PO Box 37792,8/4/2023,false,1995
216,Kerstin,Wycliff,kwycliff5z@github.com,Female,Dominican Republic,Suite 88,4/13/2023,true,1999
217,Glenna,Smoth,gsmoth60@vinaora.com,Female,Kazakhstan,Room 138,9/30/2023,false,2008
218,Susie,Fidelli,sfidelli61@issuu.com,Female,Russia,PO Box 52206,11/2/2023,true,1984
219,Ches,Thrower,cthrower62@mozilla.org,Male,Vietnam,Room 1569,7/20/2023,true,2013
220,Gothart,Blanko,gblanko63@unesco.org,Male,Philippines,PO Box 64511,4/17/2023,true,1997
221,Abigail,Grastye,agrastye64@elegantthemes.com,Female,French Polynesia,Suite 82,6/16/2023,false,2006
222,Blair,Murfin,bmurfin65@craigslist.org,Female,Thailand,Suite 35,7/1/2023,false,1996
223,Riley,Theuss,rtheuss66@redcross.org,Male,Poland,12th Floor,5/5/2023,false,1984
224,Linnet,Goudie,lgoudie67@webeden.co.uk,Female,Pakistan,Suite 10,8/26/2023,true,2002
225,Conchita,Goulthorp,cgoulthorp68@furl.net,Female,France,Room 1034,7/2/2023,false,1986
226,Elsy,Turvey,eturvey69@sphinn.com,Female,Greece,Room 1740,11/16/2022,true,2010
227,Raine,Sibery,rsibery6a@unblog.fr,Female,Somalia,Room 273,9/1/2023,true,1997
228,Verna,Heintz,vheintz6b@pagesperso-orange.fr,Female,Japan,PO Box 36696,10/15/2023,false,2008
229,Stevie,Wanne,swanne6c@eventbrite.com,Male,Poland,20th Floor,5/25/2023,false,2008
230,Flori,Stiegar,fstiegar6d@goo.gl,Female,Azerbaijan,Room 1738,11/8/2023,false,2008
231,Alleyn,Hamprecht,ahamprecht6e@opera.com,Male,Panama,PO Box 72546,4/20/2023,false,2011
232,Jacques,Eggerton,jeggerton6f@abc.net.au,Male,China,Suite 86,5/25/2023,false,1995
233,Godiva,Hyndley,ghyndley6g@51.la,Female,Indonesia,PO Box 96347,4/18/2023,false,1995
234,Leone,Stud,lstud6h@cocolog-nifty.com,Female,Vanuatu,Suite 65,10/17/2023,true,2012
235,Windham,Valentim,wvalentim6i@diigo.com,Male,China,Room 399,12/9/2022,true,1994
236,Buckie,Whether,bwhether6j@indiegogo.com,Male,Indonesia,Room 1317,10/20/2023,true,1986
237,Dulsea,Rocco,drocco6k@yelp.com,Female,Argentina,4th Floor,2/28/2023,false,2000
238,Gabbi,Dibb,gdibb6l@cloudflare.com,Female,Kenya,Room 1312,3/26/2023,true,2007
239,Daniel,Aimable,daimable6m@blog.com,Male,Thailand,10th Floor,2/15/2023,true,2006
240,Tedra,Janak,tjanak6n@fotki.com,Female,China,PO Box 19915,8/28/2023,true,2004
241,Araldo,De Ruel,aderuel6o@istockphoto.com,Male,Czech Republic,Suite 68,4/25/2023,true,2004
242,Pru,Shoesmith,pshoesmith6p@edublogs.org,Female,Peru,15th Floor,6/4/2023,true,1995
243,Kirsten,Goldin,kgoldin6q@indiatimes.com,Female,Portugal,Room 1846,8/10/2023,false,1993
244,Farra,Tinson,ftinson6r@irs.gov,Female,Brazil,Room 452,1/19/2023,true,2012
245,Rodrigo,Regan,rregan6s@spiegel.de,Genderqueer,Argentina,PO Box 80742,10/8/2023,false,2011
246,Josephine,Stayte,jstayte6t@so-net.ne.jp,Female,Republic of the Congo,Apt 855,12/16/2022,false,1995
247,Erina,Mowle,emowle6u@guardian.co.uk,Genderqueer,China,Suite 66,11/13/2023,false,2002
248,Celka,Alford,calford6v@hostgator.com,Female,Poland,Room 1704,1/18/2023,true,2013
249,Catlaina,Roggerone,croggerone6w@gnu.org,Female,China,Apt 1130,11/6/2023,false,2011
250,Patrice,Wiskar,pwiskar6x@sfgate.com,Male,Canada,Apt 778,4/29/2023,false,1993
251,Sibeal,Moneypenny,smoneypenny6y@nba.com,Female,Mozambique,6th Floor,5/10/2023,false,2005
252,Pauly,Garrattley,pgarrattley6z@dion.ne.jp,Female,Sweden,12th Floor,5/2/2023,true,1992
253,Tybalt,Wakeling,twakeling70@rambler.ru,Male,Greece,4th Floor,2/9/2023,true,1988
254,Beltran,Laver,blaver71@deliciousdays.com,Male,Vietnam,Apt 957,10/7/2023,false,2010
255,Aurore,Goodhand,agoodhand72@sitemeter.com,Female,Sweden,Suite 52,2/22/2023,false,1999
256,Concettina,Bullers,cbullers73@phpbb.com,Female,Oman,Suite 7,11/12/2023,true,2003
257,Judie,Goby,jgoby74@pbs.org,Female,Philippines,PO Box 34164,5/23/2023,false,2009
258,Reinhold,Rainsbury,rrainsbury75@example.com,Male,Ecuador,Room 1417,5/16/2023,false,2012
259,Moselle,Lesmonde,mlesmonde76@rakuten.co.jp,Female,Czech Republic,Room 939,6/24/2023,true,1986
260,Wilie,Semken,wsemken77@harvard.edu,Female,United States,Suite 38,6/7/2023,true,2007
261,Devinne,Rootes,drootes78@desdev.cn,Female,Morocco,Room 855,12/22/2022,false,2003
262,Emmalyn,Helliwell,ehelliwell79@theglobeandmail.com,Female,Brazil,19th Floor,3/17/2023,true,2008
263,Rossy,Stammer,rstammer7a@ameblo.jp,Male,China,11th Floor,4/25/2023,false,2009
264,Way,Gladdor,wgladdor7b@csmonitor.com,Male,Portugal,13th Floor,8/11/2023,false,2005
265,Claiborne,Watchorn,cwatchorn7c@ed.gov,Male,Russia,4th Floor,10/3/2023,true,2003
266,Mildrid,McCallum,mmccallum7d@networksolutions.com,Female,Belarus,1st Floor,10/20/2023,true,2006
267,Siana,Boij,sboij7e@networksolutions.com,Female,Indonesia,Room 1185,1/7/2023,true,2006
268,Wiatt,Cosford,wcosford7f@google.cn,Agender,South Africa,Suite 4,6/4/2023,false,2008
269,Lizbeth,Fallowfield,lfallowfield7g@samsung.com,Female,Peru,Apt 508,7/18/2023,true,2012
270,Crawford,Pexton,cpexton7h@tmall.com,Male,Nicaragua,Apt 1935,1/14/2023,true,1996
271,Robert,Yesenin,ryesenin7i@archive.org,Male,Russia,13th Floor,8/9/2023,true,1992
272,Chic,Galier,cgalier7j@nyu.edu,Non-binary,Italy,5th Floor,3/29/2023,true,2002
273,Marianna,Ludron,mludron7k@google.de,Non-binary,China,Suite 9,9/25/2023,false,2012
274,Jeremiah,Wanne,jwanne7l@tumblr.com,Genderfluid,Croatia,Apt 667,6/16/2023,false,2006
275,Toby,Seeviour,tseeviour7m@google.co.jp,Male,Indonesia,Suite 63,10/21/2023,false,2009
276,Malia,Hydes,mhydes7n@biglobe.ne.jp,Female,Philippines,Apt 1958,4/23/2023,true,1999
277,Lawton,Tucker,ltucker7o@reuters.com,Male,Czech Republic,17th Floor,8/23/2023,true,2006
278,Vilhelmina,Peeke,vpeeke7p@stumbleupon.com,Female,Portugal,PO Box 33072,9/30/2023,false,2000
279,Riordan,Orum,rorum7q@thetimes.co.uk,Male,China,Suite 43,11/7/2023,false,1996
280,Reece,Filde,rfilde7r@linkedin.com,Male,China,Room 750,7/15/2023,false,2011
281,Paxton,Huws,phuws7s@indiatimes.com,Genderfluid,Indonesia,Room 207,12/22/2022,false,2010
282,Gilly,Meedendorpe,gmeedendorpe7t@fastcompany.com,Female,Brazil,Suite 41,1/20/2023,true,2007
283,Pippo,Halfhide,phalfhide7u@deviantart.com,Male,Brazil,Room 463,10/30/2023,false,2006
284,Margeaux,Priver,mpriver7v@biglobe.ne.jp,Female,China,PO Box 99469,4/6/2023,false,1995
285,Adrea,Soreau,asoreau7w@constantcontact.com,Female,Mexico,Suite 69,10/31/2023,true,2000
286,Idaline,Fishleigh,ifishleigh7x@paypal.com,Female,Philippines,Apt 997,8/5/2023,true,1998
287,Verge,Lynes,vlynes7y@rakuten.co.jp,Male,Bulgaria,PO Box 64920,10/11/2023,true,2008
288,Gay,Willshaw,gwillshaw7z@google.es,Genderqueer,Guam,Room 1866,5/20/2023,true,2007
289,Merry,Riply,mriply80@microsoft.com,Female,Macedonia,PO Box 71938,10/11/2023,true,1998
290,Effie,Moore,emoore81@newsvine.com,Female,France,PO Box 4416,5/1/2023,true,2008
291,Roxanne,Myerscough,rmyerscough82@twitter.com,Genderqueer,Colombia,14th Floor,1/9/2023,false,2006
292,Taylor,Bouldon,tbouldon83@reference.com,Male,China,Room 1942,4/7/2023,true,1997
293,Mill,Dumigan,mdumigan84@miitbeian.gov.cn,Male,Brazil,Room 973,5/4/2023,true,1992
294,Raffarty,Cutforth,rcutforth85@sciencedaily.com,Male,Cameroon,Room 1062,10/7/2023,false,2001
295,Neile,Brandon,nbrandon86@nytimes.com,Female,France,PO Box 33894,11/21/2022,false,2005
296,Latrina,Craig,lcraig87@topsy.com,Female,China,19th Floor,11/26/2022,true,1999
297,Elvina,Strotton,estrotton88@sogou.com,Female,Indonesia,Apt 1484,3/18/2023,false,2008
298,Kalil,ffrench Beytagh,kffrenchbeytagh89@sciencedaily.com,Male,Portugal,PO Box 58083,6/30/2023,false,1992
299,Horst,Caw,hcaw8a@icq.com,Male,United States,12th Floor,6/6/2023,false,1993
300,Costanza,Mockford,cmockford8b@nhs.uk,Female,China,Apt 2,6/11/2023,false,2010
301,Stavro,Ordemann,sordemann8c@economist.com,Male,Argentina,Apt 737,7/2/2023,true,2002
302,Larisa,Grzelczyk,lgrzelczyk8d@squarespace.com,Female,Norway,5th Floor,9/29/2023,false,2001
303,Siffre,Gumary,sgumary8e@patch.com,Male,Thailand,Suite 48,3/4/2023,false,1996
304,Emmalynn,Bissiker,ebissiker8f@hao123.com,Female,China,Room 1470,11/3/2023,false,2004
305,Sam,Leethem,sleethem8g@amazonaws.com,Male,China,Suite 75,12/29/2022,false,1993
306,Ware,Taffs,wtaffs8h@blogtalkradio.com,Male,China,Room 1150,12/25/2022,true,1995
307,Cliff,Jermy,cjermy8i@forbes.com,Male,Philippines,8th Floor,7/1/2023,false,1988
308,Piggy,Bister,pbister8j@myspace.com,Male,Cuba,PO Box 72704,12/7/2022,false,1988
309,Robena,Roskell,rroskell8k@slashdot.org,Female,Portugal,Room 552,10/24/2023,false,1992
310,Quintina,Randales,qrandales8l@cbc.ca,Female,Spain,PO Box 62265,5/25/2023,true,1997
311,Frannie,Hanselmann,fhanselmann8m@free.fr,Male,Japan,PO Box 54581,1/3/2023,false,2006
312,Mitch,Cundey,mcundey8n@yale.edu,Male,China,Suite 80,1/27/2023,false,2009
313,Britteny,McKenna,bmckenna8o@paginegialle.it,Female,Indonesia,Room 1640,2/28/2023,true,2005
314,Kirstin,Petrussi,kpetrussi8p@jugem.jp,Female,Tunisia,Room 221,11/26/2022,true,1992
315,Wiatt,Gerg,wgerg8q@java.com,Bigender,Ukraine,Room 692,9/29/2023,false,1995
316,Carmine,Miranda,cmiranda8r@biblegateway.com,Female,Philippines,Apt 1225,9/30/2023,true,2002
317,Boris,Bartelot,bbartelot8s@mozilla.com,Male,Philippines,Room 456,4/21/2023,true,2003
318,Jacinta,Clerk,jclerk8t@blinklist.com,Female,China,Suite 23,6/10/2023,true,1996
319,Court,Ansett,cansett8u@hp.com,Non-binary,China,Apt 326,3/30/2023,true,2009
320,Kiah,Avrahm,kavrahm8v@shinystat.com,Female,China,Suite 8,6/3/2023,false,1996
321,Porter,Moyler,pmoyler8w@live.com,Male,Sweden,Apt 1835,10/22/2023,false,2001
322,Adolpho,Cherryman,acherryman8x@dailymotion.com,Male,Tunisia,PO Box 22439,8/30/2023,false,2012
323,Rosa,Horney,rhorney8y@squidoo.com,Female,Malta,Apt 867,11/19/2022,true,1997
324,Prentice,Camier,pcamier8z@pen.io,Male,Russia,Room 1234,7/10/2023,false,2012
325,Abby,Decourcy,adecourcy90@moonfruit.com,Male,Pakistan,Suite 57,12/24/2022,true,1989
326,Eran,Adney,eadney91@umn.edu,Female,Madagascar,Apt 356,3/17/2023,true,1992
327,Gwenni,Dorgan,gdorgan92@biblegateway.com,Female,Portugal,4th Floor,7/31/2023,true,1998
328,Lacee,Beaty,lbeaty93@acquirethisname.com,Female,China,7th Floor,5/20/2023,false,2011
329,Krispin,Glaum,kglaum94@about.com,Male,Philippines,PO Box 72393,8/28/2023,true,1986
330,Marcelle,Esslement,messlement95@archive.org,Female,Portugal,Room 1960,1/5/2023,true,1989
331,Devlen,Petett,dpetett96@devhub.com,Male,Belarus,9th Floor,9/9/2023,false,1992
332,Emmaline,Brokenshire,ebrokenshire97@xrea.com,Female,Philippines,Room 780,11/17/2022,false,1996
333,Alyse,Jaime,ajaime98@blogtalkradio.com,Female,Czech Republic,6th Floor,8/16/2023,true,1996
334,Ferrell,Southwell,fsouthwell99@fc2.com,Male,Tajikistan,14th Floor,11/3/2023,true,2005
335,Karlee,Ulrik,kulrik9a@mozilla.com,Female,Bangladesh,Suite 45,5/27/2023,true,2007
336,Alric,Pybworth,apybworth9b@meetup.com,Male,Australia,Room 57,8/21/2023,true,1992
337,Ricard,Gareisr,rgareisr9c@google.ca,Male,Argentina,Suite 11,8/29/2023,true,2001
338,Cosimo,Burnell,cburnell9d@sun.com,Male,Philippines,PO Box 97911,12/11/2022,false,2003
339,Paulie,Gowman,pgowman9e@ft.com,Male,Paraguay,Suite 99,1/20/2023,false,2011
340,Hasty,Castrillo,hcastrillo9f@51.la,Male,Israel,Suite 99,10/12/2023,true,2011
341,Carlie,Cruxton,ccruxton9g@godaddy.com,Male,Armenia,Apt 17,8/20/2023,true,2010
342,Eleonore,Kingescot,ekingescot9h@github.io,Female,Guatemala,Suite 43,8/21/2023,true,2006
343,Dannie,Hercock,dhercock9i@wix.com,Polygender,Philippines,Room 1682,11/3/2023,true,2000
344,Lorenzo,Nice,lnice9j@ft.com,Male,Portugal,Apt 1083,4/4/2023,false,2002
345,Dolorita,Ansett,dansett9k@theatlantic.com,Female,China,Suite 10,8/31/2023,true,2001
346,Lynette,Besnard,lbesnard9l@blinklist.com,Female,Brazil,Room 322,4/29/2023,false,2004
347,Willie,Wilgar,wwilgar9m@soundcloud.com,Female,Philippines,PO Box 5915,2/8/2023,false,2012
348,Linc,Weich,lweich9n@reference.com,Male,United States,Room 152,10/7/2023,true,2012
349,Gage,Jervoise,gjervoise9o@bluehost.com,Bigender,Russia,Room 1859,11/5/2023,false,1968
350,Northrup,Corriea,ncorriea9p@gizmodo.com,Male,Russia,PO Box 95990,2/20/2023,true,2012
351,Zorina,Marvel,zmarvel9q@usnews.com,Female,China,8th Floor,3/19/2023,true,1995
352,Caresse,Jorgesen,cjorgesen9r@washingtonpost.com,Female,Saudi Arabia,Room 1994,5/20/2023,false,1987
353,West,Mitchelmore,wmitchelmore9s@jalbum.net,Male,Portugal,Apt 1425,7/3/2023,false,1993
354,Karin,Huerta,khuerta9t@xinhuanet.com,Female,China,Suite 7,6/28/2023,true,1993
355,Ailis,Faucett,afaucett9u@cafepress.com,Female,Indonesia,PO Box 10132,4/3/2023,true,2005
356,Alameda,Hayle,ahayle9v@about.me,Female,Panama,Room 612,6/13/2023,true,1992
357,Desmund,Ramshaw,dramshaw9w@about.com,Polygender,Indonesia,11th Floor,3/10/2023,false,2009
358,Sibbie,Boater,sboater9x@php.net,Female,Russia,Room 49,12/15/2022,true,2000
359,Fara,Laurent,flaurent9y@home.pl,Female,Kenya,3rd Floor,9/16/2023,true,1999
360,Son,Gonzalez,sgonzalez9z@usda.gov,Male,Armenia,Suite 66,6/21/2023,false,2009
361,Catie,Eytel,ceytela0@twitpic.com,Female,Indonesia,PO Box 34344,8/21/2023,false,2011
362,Bary,Whittington,bwhittingtona1@oracle.com,Polygender,Indonesia,8th Floor,9/24/2023,true,2003
363,Harlan,Videler,hvidelera2@gravatar.com,Male,Thailand,Apt 589,8/10/2023,true,1988
364,Carlota,Impy,cimpya3@infoseek.co.jp,Female,Greece,Suite 33,11/17/2022,false,2010
365,Lonnard,Dennert,ldennerta4@businessinsider.com,Polygender,Indonesia,Suite 29,5/25/2023,false,1997
366,Louisa,Saulter,lsaultera5@google.cn,Female,China,16th Floor,8/10/2023,true,1998
367,Duffy,Freeborne,dfreebornea6@netvibes.com,Male,Russia,Apt 1130,10/29/2023,true,1996
368,Robinetta,Haney`,rhaneya7@github.com,Female,Ireland,2nd Floor,6/16/2023,true,2005
369,Christye,Fenech,cfenecha8@blog.com,Female,Kuwait,Apt 1665,7/2/2023,false,2000
370,Maryellen,Marzelli,mmarzellia9@arstechnica.com,Female,China,PO Box 91672,12/20/2022,true,2005
371,Karmen,O'Donegan,kodoneganaa@comcast.net,Female,Brazil,Suite 53,10/28/2023,false,1994
372,Noble,Rohloff,nrohloffab@reverbnation.com,Male,Ukraine,Suite 49,9/26/2023,false,1997
373,Averil,Potbury,apotburyac@meetup.com,Female,United States,Room 241,6/26/2023,false,2005
374,Mable,Waycott,mwaycottad@timesonline.co.uk,Female,China,Room 463,9/22/2023,false,2007
375,Letta,Batterham,lbatterhamae@fc2.com,Female,China,Apt 1472,12/3/2022,true,1994
376,Conny,Gussie,cgussieaf@studiopress.com,Male,Japan,PO Box 95068,10/7/2023,false,1991
377,Jaimie,Vassman,jvassmanag@vimeo.com,Male,Sweden,PO Box 36810,1/22/2023,true,1985
378,Maxim,Pampling,mpamplingah@comcast.net,Male,Indonesia,PO Box 18559,6/29/2023,false,1994
379,Leeann,Hudless,lhudlessai@g.co,Female,China,PO Box 99871,3/21/2023,true,2008
380,Chic,Ainsworth,cainsworthaj@npr.org,Male,Czech Republic,17th Floor,3/4/2023,false,2007
381,Angelico,Kender,akenderak@geocities.com,Male,Indonesia,11th Floor,7/3/2023,false,2005
382,Burch,Pimmocke,bpimmockeal@army.mil,Male,Indonesia,Suite 90,6/13/2023,true,2009
383,Marlo,Reardon,mreardonam@icq.com,Male,Argentina,7th Floor,1/29/2023,true,2012
384,Karie,Garshore,kgarshorean@google.co.jp,Bigender,Indonesia,Room 829,9/1/2023,true,1987
385,Bianca,Becken,bbeckenao@icio.us,Female,China,Room 1599,2/24/2023,false,2005
386,Minny,Townes,mtownesap@irs.gov,Female,Czech Republic,Apt 1759,1/1/2023,true,2007
387,Inga,Wickey,iwickeyaq@ucoz.com,Female,Indonesia,Apt 1451,1/25/2023,false,2007
388,Brear,Farny,bfarnyar@sohu.com,Female,Russia,Suite 99,5/22/2023,true,2012
389,Ruthe,Bischof,rbischofas@msu.edu,Female,China,Room 1321,8/7/2023,false,1993
390,Brant,Gleasane,bgleasaneat@google.co.uk,Male,Iran,PO Box 77280,11/12/2023,false,2001
391,Viki,Speed,vspeedau@vkontakte.ru,Female,Poland,Room 394,5/11/2023,false,1996
392,Theadora,Huske,thuskeav@marketwatch.com,Female,Honduras,13th Floor,10/21/2023,false,2004
393,Lucita,Urch,lurchaw@usda.gov,Female,China,Apt 1736,12/28/2022,true,2007
394,Guss,Belliveau,gbelliveauax@netvibes.com,Male,Sweden,PO Box 28584,10/14/2023,true,1996
395,Kaiser,Bernath,kbernathay@indiatimes.com,Male,Albania,Apt 498,2/26/2023,true,2007
396,Rae,Di Giacomo,rdigiacomoaz@delicious.com,Female,China,PO Box 70913,7/19/2023,true,2009
397,Sibylle,Brettor,sbrettorb0@devhub.com,Female,Bolivia,PO Box 56920,8/12/2023,false,2003
398,Wallie,Simkovitz,wsimkovitzb1@prnewswire.com,Male,Angola,3rd Floor,12/31/2022,false,1962
399,Electra,Cardenoza,ecardenozab2@google.es,Genderqueer,Portugal,19th Floor,1/15/2023,false,1992
400,Aguste,Challin,achallinb3@slideshare.net,Male,Indonesia,1st Floor,9/19/2023,true,1998
401,Emmery,Hawkey,ehawkeyb4@dropbox.com,Male,China,16th Floor,9/21/2023,true,1999
402,Marlee,Stichel,mstichelb5@youtube.com,Bigender,Russia,PO Box 87408,4/26/2023,true,2006
403,Olag,Ties,otiesb6@nytimes.com,Male,Libya,18th Floor,12/21/2022,true,1996
404,Nady,Playfair,nplayfairb7@barnesandnoble.com,Female,Philippines,Suite 72,9/7/2023,false,1989
405,Salomi,Gatward,sgatwardb8@chicagotribune.com,Female,United States,PO Box 8134,4/11/2023,true,2002
406,Guss,Sendall,gsendallb9@tinypic.com,Male,China,Apt 1372,6/3/2023,false,2012
407,Natalina,Moxted,nmoxtedba@people.com.cn,Female,Mexico,Apt 1379,1/13/2023,true,2011
408,Staffard,Beavington,sbeavingtonbb@zdnet.com,Male,Czech Republic,Suite 78,5/15/2023,false,1996
409,Valida,Ketton,vkettonbc@ask.com,Female,Indonesia,Apt 728,10/21/2023,true,2002
410,Tabby,Van den Dael,tvandendaelbd@tinyurl.com,Bigender,Indonesia,11th Floor,10/23/2023,false,2006
411,Diannne,Tuberfield,dtuberfieldbe@de.vu,Female,Indonesia,Apt 326,4/25/2023,false,2007
412,Nicola,Element,nelementbf@google.it,Male,Switzerland,Apt 1735,7/6/2023,true,1997
413,Marnie,Doxey,mdoxeybg@umich.edu,Female,China,PO Box 69051,9/9/2023,false,2005
414,Rooney,MacPike,rmacpikebh@wiley.com,Male,Chile,6th Floor,10/27/2023,false,2012
415,Tracey,Crathorne,tcrathornebi@digg.com,Male,China,Apt 1577,7/17/2023,true,2004
416,Linus,Fasset,lfassetbj@yahoo.co.jp,Male,China,Apt 74,11/4/2023,false,2006
417,Alexina,Dingle,adinglebk@mysql.com,Female,China,Suite 11,8/15/2023,false,2012
418,Bliss,Haslewood,bhaslewoodbl@cpanel.net,Female,Argentina,Room 702,9/10/2023,false,2000
419,Sidonnie,Saffen,ssaffenbm@hibu.com,Female,Philippines,Room 80,10/18/2023,false,2006
420,Tiff,Freeth,tfreethbn@youtu.be,Female,Russia,Apt 979,4/16/2023,true,2009
421,Shayna,Terney,sterneybo@t-online.de,Female,Russia,PO Box 23244,10/7/2023,true,2010
422,Hasheem,Lowder,hlowderbp@prnewswire.com,Male,Indonesia,PO Box 28877,1/11/2023,true,2012
423,Corliss,Haswall,chaswallbq@mapquest.com,Female,Palestinian Territory,Room 1613,4/27/2023,false,2009
424,Judd,Cudmore,jcudmorebr@nydailynews.com,Male,China,8th Floor,11/5/2023,true,1988
425,Iolande,Ribbon,iribbonbs@weather.com,Female,Czech Republic,Room 1530,9/28/2023,true,1967
426,Pauly,Afonso,pafonsobt@sourceforge.net,Female,Panama,Room 444,4/21/2023,false,2000
427,Crystie,Saill,csaillbu@deviantart.com,Female,Netherlands,Apt 507,6/1/2023,false,1997
428,Johnath,Cabbell,jcabbellbv@psu.edu,Female,Russia,Suite 80,6/16/2023,false,2007
429,Giraud,Bligh,gblighbw@state.tx.us,Male,North Korea,Apt 1149,9/14/2023,false,1993
430,Eachelle,Christol,echristolbx@upenn.edu,Female,Colombia,Suite 3,9/25/2023,false,2009
431,Judd,Cleugh,jcleughby@shop-pro.jp,Genderqueer,Norway,PO Box 34744,4/30/2023,false,1993
432,Ludvig,De Bernardis,ldebernardisbz@skype.com,Male,Yemen,Apt 364,1/1/2023,true,1994
433,Cora,Bourgour,cbourgourc0@liveinternet.ru,Bigender,China,14th Floor,10/18/2023,false,1998
434,Alfonso,Bowcock,abowcockc1@icq.com,Male,Portugal,Room 569,5/26/2023,true,2000
435,Kev,Kenningham,kkenninghamc2@ehow.com,Male,Indonesia,Apt 913,5/30/2023,true,2009
436,Thelma,Padmore,tpadmorec3@java.com,Female,Poland,Room 995,2/6/2023,false,2003
437,Gillie,Rebeiro,grebeiroc4@about.me,Polygender,Albania,PO Box 37858,2/7/2023,true,2009
438,Agnes,Carrett,acarrettc5@addtoany.com,Non-binary,Poland,PO Box 57404,3/25/2023,false,2010
439,Galvin,Ringsell,gringsellc6@uiuc.edu,Male,China,PO Box 21851,8/16/2023,false,2012
440,Thain,Witz,twitzc7@netscape.com,Male,China,9th Floor,5/2/2023,true,2007
441,Bayard,Dreakin,bdreakinc8@state.gov,Male,Albania,Room 1182,8/31/2023,false,2011
442,Collin,Coulthart,ccoulthartc9@thetimes.co.uk,Male,Brazil,16th Floor,10/9/2023,false,1999
443,Abelard,O'Keeffe,aokeeffeca@google.nl,Male,Mexico,16th Floor,12/13/2022,false,2012
444,Jodie,Lundberg,jlundbergcb@scribd.com,Genderfluid,China,PO Box 90870,10/7/2023,true,1994
445,Saleem,Coltart,scoltartcc@naver.com,Male,Sri Lanka,Apt 1737,5/19/2023,false,1961
446,Koralle,Osant,kosantcd@tripod.com,Female,Nigeria,Suite 95,4/26/2023,false,2011
447,Yovonnda,Kirvell,ykirvellce@squarespace.com,Female,Saint Helena,Apt 1084,8/5/2023,true,1996
448,Fernando,De Freyne,fdefreynecf@slideshare.net,Male,Chile,PO Box 6940,9/13/2023,false,1984
449,Margareta,Crum,mcrumcg@columbia.edu,Female,Indonesia,16th Floor,12/18/2022,true,2009
450,Athena,Winship,awinshipch@ft.com,Female,China,Apt 390,5/2/2023,false,1974
451,Gretchen,Camus,gcamusci@desdev.cn,Female,Sweden,PO Box 75753,5/14/2023,false,2000
452,Riva,Busch,rbuschcj@about.com,Female,China,Room 1773,12/15/2022,true,1984
453,Winfred,Hartland,whartlandck@wikispaces.com,Male,France,PO Box 6908,11/2/2023,false,2005
454,Joel,Caesman,jcaesmancl@mozilla.org,Male,China,Apt 1441,11/13/2023,true,1996
455,Dimitri,Reddlesden,dreddlesdencm@weibo.com,Male,Sri Lanka,PO Box 31995,1/30/2023,true,1997
456,Elianora,Lermouth,elermouthcn@ustream.tv,Female,Ethiopia,PO Box 21851,3/23/2023,false,1967
457,Ian,Darrigoe,idarrigoeco@prnewswire.com,Male,Philippines,Apt 787,10/3/2023,false,2007
458,Kikelia,Risely,kriselycp@pagesperso-orange.fr,Female,France,Apt 46,8/28/2023,false,2005
459,Ira,Stennard,istennardcq@sitemeter.com,Genderqueer,Indonesia,PO Box 58966,10/17/2023,true,2010
460,Krishna,Van der Merwe,kvandermerwecr@wikipedia.org,Agender,Poland,Room 1016,4/28/2023,true,2000
461,Cassaundra,McAllaster,cmcallastercs@usgs.gov,Female,Philippines,Apt 219,7/15/2023,false,2008
462,Natasha,Kubiczek,nkubiczekct@cpanel.net,Female,Kazakhstan,13th Floor,5/13/2023,false,1995
463,Scot,Franciottoi,sfranciottoicu@vinaora.com,Bigender,China,PO Box 11490,3/6/2023,true,2005
464,Danie,Waberer,dwaberercv@php.net,Male,Peru,PO Box 40645,12/20/2022,true,1998
465,Eberhard,Wilkenson,ewilkensoncw@bluehost.com,Male,China,PO Box 32530,10/20/2023,false,1987
466,Brant,Hillitt,bhillittcx@mac.com,Male,Panama,PO Box 71483,1/21/2023,true,2004
467,Torin,Ianiello,tianiellocy@goo.gl,Male,China,Apt 215,12/14/2022,true,2011
468,Cass,Ewenson,cewensoncz@wunderground.com,Genderqueer,Brazil,Room 1849,10/25/2023,true,2006
469,Jillene,Charteris,jcharterisd0@webeden.co.uk,Female,Comoros,Room 969,6/17/2023,true,2004
470,Chalmers,Lidgett,clidgettd1@yahoo.co.jp,Bigender,Russia,Room 1586,9/2/2023,false,1995
471,Ronalda,Ingles,ringlesd2@unesco.org,Female,Russia,Apt 350,2/14/2023,true,1987
472,Arthur,Thripp,athrippd3@squarespace.com,Male,Cambodia,Suite 18,4/17/2023,false,1990
473,Martie,Cervantes,mcervantesd4@ameblo.jp,Male,Indonesia,Suite 8,11/26/2022,false,1994
474,Gracia,Willingale,gwillingaled5@wiley.com,Female,China,PO Box 91027,3/21/2023,false,1987
475,Charissa,Croot,ccrootd6@icio.us,Female,Mexico,Suite 72,9/21/2023,false,2007
476,Tedman,Haysham,thayshamd7@github.io,Male,Russia,Room 94,12/21/2022,false,1992
477,Ernesta,Hecks,ehecksd8@ftc.gov,Female,Malaysia,Apt 747,11/23/2022,true,2003
478,Taite,Betham,tbethamd9@ow.ly,Male,Portugal,Apt 118,1/30/2023,true,2012
479,Ciel,Beetham,cbeethamda@berkeley.edu,Female,Sweden,PO Box 42056,4/28/2023,true,2002
480,Dolorita,Dineges,ddinegesdb@com.com,Female,Philippines,16th Floor,12/15/2022,true,1996
481,Julieta,Childes,jchildesdc@reference.com,Female,China,PO Box 16318,5/17/2023,true,2005
482,Nathanil,Spellman,nspellmandd@msn.com,Male,Indonesia,PO Box 96100,3/3/2023,false,1991
483,Robert,Hardi,rhardide@pinterest.com,Male,China,Suite 79,9/10/2023,false,1992
484,Nels,Lente,nlentedf@ow.ly,Male,Ecuador,18th Floor,4/1/2023,false,2006
485,Ingeborg,Sadgrove,isadgrovedg@microsoft.com,Female,Indonesia,Room 1577,4/18/2023,true,2001
486,Daphna,Clackers,dclackersdh@people.com.cn,Female,Philippines,Room 238,5/22/2023,false,2011
487,Ophelie,Glison,oglisondi@eventbrite.com,Female,Ukraine,Room 1638,2/17/2023,true,2011
488,Danna,Vallens,dvallensdj@bravesites.com,Female,Indonesia,Room 281,12/1/2022,true,2008
489,Quincey,Stodit,qstoditdk@ifeng.com,Male,China,PO Box 5590,9/18/2023,false,2006
490,Creigh,Richemont,crichemontdl@archive.org,Male,China,6th Floor,12/13/2022,true,1997
491,Spike,Summerrell,ssummerrelldm@cloudflare.com,Male,Mali,Room 675,10/6/2023,false,1996
492,Joseito,Heggs,jheggsdn@people.com.cn,Bigender,Iran,14th Floor,8/27/2023,true,1995
493,Laverne,Heaseman,lheasemando@washington.edu,Female,China,Room 1153,12/6/2022,false,2002
494,Delmore,Coniff,dconiffdp@hao123.com,Male,Russia,Suite 43,5/29/2023,true,1991
495,Caddric,Bodemeaid,cbodemeaiddq@hp.com,Agender,Cameroon,10th Floor,11/29/2022,false,1993
496,Itch,Selland,isellanddr@narod.ru,Male,Armenia,2nd Floor,3/18/2023,true,2007
497,Fabio,Hampson,fhampsonds@vkontakte.ru,Agender,China,Room 470,10/18/2023,false,2011
498,Jamima,Adamo,jadamodt@slideshare.net,Non-binary,Norway,19th Floor,1/1/2023,false,2010
499,Silvan,Gauford,sgauforddu@comsenz.com,Male,Poland,PO Box 57698,6/30/2023,false,2009
500,Romeo,Althorpe,ralthorpedv@pen.io,Male,Canada,Suite 21,12/19/2022,true,2010
501,Kerwin,Ebbs,kebbsdw@pinterest.com,Genderfluid,Indonesia,17th Floor,11/13/2023,true,1993
502,Ardella,Klinck,aklinckdx@nymag.com,Female,Philippines,Room 99,1/5/2023,true,2012
503,Hernando,Green,hgreendy@sina.com.cn,Male,Russia,PO Box 95386,2/21/2023,false,2008
504,Claude,Ferney,cferneydz@washingtonpost.com,Female,Palestinian Territory,PO Box 66779,7/25/2023,true,1998
505,Pattin,Paschek,ppascheke0@seattletimes.com,Male,Bosnia and Herzegovina,PO Box 75354,5/31/2023,false,1994
506,Darelle,Cambden,dcambdene1@nature.com,Female,Japan,PO Box 85547,6/13/2023,true,2004
507,Seana,Branca,sbrancae2@soup.io,Female,China,Apt 509,5/30/2023,false,2003
508,Madel,Astill,mastille3@independent.co.uk,Female,Nigeria,Room 479,8/21/2023,true,1985
509,Adrien,Georgievski,ageorgievskie4@bluehost.com,Male,Indonesia,Apt 568,3/13/2023,true,2003
510,Mylo,D'Antuoni,mdantuonie5@imgur.com,Male,Indonesia,Apt 235,9/23/2023,false,2005
511,Noel,Chanson,nchansone6@altervista.org,Male,South Africa,PO Box 49080,10/10/2023,true,2006
512,Tammy,Duester,tduestere7@google.de,Female,Canada,Apt 548,2/16/2023,true,1988
513,Vikki,Scaddon,vscaddone8@simplemachines.org,Female,Thailand,Apt 817,2/11/2023,false,2003
514,Israel,Pettican,ipetticane9@unesco.org,Genderqueer,Norway,Suite 42,7/8/2023,true,1996
515,Belita,Aksell,baksellea@cbslocal.com,Female,Brazil,6th Floor,12/4/2022,false,1966
516,Rollo,Landa,rlandaeb@addthis.com,Male,Indonesia,Suite 22,2/23/2023,true,1998
517,Arlie,Frany,afranyec@oaic.gov.au,Female,Argentina,Apt 569,6/18/2023,true,2009
518,Alyson,Benda,abendaed@e-recht24.de,Female,Portugal,Suite 33,7/29/2023,true,1985
519,Carmencita,Mesant,cmesantee@japanpost.jp,Agender,Indonesia,6th Floor,10/23/2023,true,1997
520,Joletta,Dotson,jdotsonef@time.com,Agender,Indonesia,16th Floor,7/20/2023,false,2012
521,Birgit,Ebunoluwa,bebunoluwaeg@slashdot.org,Female,Azerbaijan,Suite 87,12/11/2022,false,2013
522,Jonis,Nelissen,jnelisseneh@noaa.gov,Female,Philippines,Suite 54,11/23/2022,true,2006
523,Selene,Newtown,snewtownei@ucsd.edu,Female,China,PO Box 67228,5/16/2023,true,1996
524,Maurits,Candlish,mcandlishej@dyndns.org,Male,Russia,Room 1354,7/21/2023,true,2004
525,Karon,Goodred,kgoodredek@illinois.edu,Female,Russia,Room 332,3/20/2023,true,2013
526,Burty,Berceros,bbercerosel@narod.ru,Male,United States,Apt 1077,1/25/2023,false,2009
527,Berny,Ofield,bofieldem@amazon.com,Male,United States,4th Floor,8/30/2023,false,2000
528,Pansy,Jerams,pjeramsen@weather.com,Female,Croatia,Apt 1334,7/12/2023,true,1982
529,Hobard,Blore,hbloreeo@ebay.com,Male,Indonesia,Room 1376,11/1/2023,false,2005
530,Reggi,Sesons,rsesonsep@home.pl,Female,France,Apt 1171,9/30/2023,false,2008
531,Beckie,Wadeson,bwadesoneq@mapquest.com,Female,Canada,Room 1518,3/17/2023,false,2008
532,Zak,Furnival,zfurnivaler@icio.us,Male,Colombia,Suite 80,1/11/2023,false,1995
533,Kirk,Mealham,kmealhames@csmonitor.com,Male,Spain,PO Box 31731,8/23/2023,false,1992
534,Lucretia,Hunter,lhunteret@psu.edu,Female,Portugal,Suite 25,2/18/2023,true,2003
535,Elfie,Scanes,escaneseu@princeton.edu,Female,China,PO Box 25750,1/15/2023,false,1998
536,Charity,MacIver,cmaciverev@theatlantic.com,Female,Russia,Apt 1542,8/11/2023,false,2011
537,Tye,Coddrington,tcoddringtonew@slate.com,Male,Mexico,Apt 750,2/21/2023,false,1989
538,Dotti,Bowdon,dbowdonex@deviantart.com,Female,China,Room 461,10/16/2023,true,2009
539,Ilyssa,Eathorne,ieathorneey@jigsy.com,Agender,Russia,Apt 527,5/2/2023,true,2012
540,Holly,Haggarth,hhaggarthez@bbb.org,Male,Saudi Arabia,PO Box 1351,11/28/2022,false,2011
541,Elijah,Gowdie,egowdief0@ebay.co.uk,Male,Botswana,Apt 1550,11/3/2023,true,2001
542,Sayers,Crocker,scrockerf1@github.io,Male,Afghanistan,Room 467,5/5/2023,true,1992
543,Terrence,Habbal,thabbalf2@yelp.com,Male,Cuba,Suite 65,5/30/2023,true,2005
544,Torrance,Ledford,tledfordf3@gravatar.com,Male,Armenia,20th Floor,7/19/2023,true,2005
545,Niles,Cholmondeley,ncholmondeleyf4@360.cn,Male,Indonesia,Apt 1628,1/30/2023,false,1991
546,Fidelio,Cottage,fcottagef5@opensource.org,Male,Honduras,PO Box 77016,9/23/2023,false,1993
547,Jule,Bernhardi,jbernhardif6@google.es,Male,Nigeria,Suite 75,11/30/2022,true,2009
548,Alida,Iacovino,aiacovinof7@acquirethisname.com,Female,China,Suite 70,12/25/2022,true,1954
549,Donnell,Chadburn,dchadburnf8@360.cn,Male,Czech Republic,PO Box 83378,12/3/2022,false,1996
550,Bette-ann,Bedham,bbedhamf9@wired.com,Female,Peru,12th Floor,8/16/2023,true,2005
551,Linet,Bram,lbramfa@webs.com,Female,Indonesia,PO Box 24212,8/9/2023,true,2000
552,Danielle,Lydon,dlydonfb@unesco.org,Female,Colombia,Apt 135,4/18/2023,false,1999
553,Merell,Saphir,msaphirfc@wordpress.com,Non-binary,Ecuador,Suite 68,6/30/2023,true,1990
554,Heddi,Maybey,hmaybeyfd@smugmug.com,Female,Afghanistan,PO Box 87419,1/19/2023,true,1993
555,Lilas,Furmenger,lfurmengerfe@oaic.gov.au,Female,Libya,PO Box 80356,4/9/2023,true,1992
556,Jimmie,Burree,jburreeff@example.com,Male,Philippines,Apt 1000,1/18/2023,true,2008
557,Rey,Nayer,rnayerfg@clickbank.net,Male,Iraq,PO Box 62613,5/1/2023,true,1986
558,Alisander,Dun,adunfh@twitpic.com,Male,Portugal,Suite 18,10/20/2023,true,2010
559,Clark,Mielnik,cmielnikfi@yahoo.co.jp,Male,Tajikistan,4th Floor,1/24/2023,false,1975
560,Shaina,Gilogly,sgiloglyfj@sfgate.com,Female,Brazil,11th Floor,8/11/2023,false,1993
561,Killy,McLemon,kmclemonfk@hibu.com,Male,Chad,18th Floor,10/23/2023,true,2011
562,Olag,Blamphin,oblamphinfl@altervista.org,Agender,Netherlands,Room 1912,12/16/2022,true,1987
563,Jedidiah,Willarton,jwillartonfm@mozilla.org,Male,China,Apt 1918,8/10/2023,true,1995
564,Liuka,Conley,lconleyfn@parallels.com,Female,Greece,5th Floor,1/21/2023,true,2011
565,Con,Farge,cfargefo@nytimes.com,Male,Greece,Suite 58,3/18/2023,true,1998
566,Belicia,O'Dulchonta,bodulchontafp@newyorker.com,Female,Italy,Room 1537,1/4/2023,true,1999
567,Kristo,Swatman,kswatmanfq@e-recht24.de,Male,Portugal,18th Floor,11/7/2023,false,1997
568,Bobbie,Rozec,brozecfr@twitter.com,Female,Portugal,Room 1584,6/6/2023,false,1984
569,Britte,Wheeldon,bwheeldonfs@sun.com,Female,China,PO Box 6424,7/2/2023,true,2002
570,Etty,O'Lagen,eolagenft@indiatimes.com,Female,Guatemala,Apt 862,12/2/2022,false,2001
571,Daisi,Birrane,dbirranefu@constantcontact.com,Polygender,Portugal,6th Floor,12/9/2022,true,2002
572,Amalle,Arboin,aarboinfv@marriott.com,Female,Brazil,7th Floor,2/5/2023,false,2002
573,Alexandros,Cassels,acasselsfw@example.com,Male,Liberia,PO Box 63618,12/3/2022,true,1998
574,Brian,Bampkin,bbampkinfx@businessweek.com,Male,Thailand,Room 716,10/12/2023,true,1994
575,Stephana,Wetherald,swetheraldfy@hp.com,Female,Philippines,Room 1087,11/30/2022,false,1993
576,Seumas,Poupard,spoupardfz@squidoo.com,Male,Brazil,Suite 24,11/21/2022,true,2012
577,Isiahi,Strong,istrongg0@chicagotribune.com,Male,China,8th Floor,2/18/2023,true,1995
578,Thain,Roseborough,troseboroughg1@slashdot.org,Male,Indonesia,12th Floor,5/31/2023,false,2004
579,Paulie,Palluschek,ppalluschekg2@engadget.com,Male,United States,Room 542,7/14/2023,false,1993
580,Joice,Noad,jnoadg3@lulu.com,Female,Germany,1st Floor,10/25/2023,true,2007
581,Melodee,Brinson,mbrinsong4@mail.ru,Female,Indonesia,Apt 1719,6/3/2023,false,2007
582,Kliment,Sadler,ksadlerg5@weebly.com,Male,Belarus,PO Box 53939,10/28/2023,false,2005
583,Gill,Beedham,gbeedhamg6@weebly.com,Male,Costa Rica,7th Floor,3/7/2023,false,2002
584,Arda,Tall,atallg7@hibu.com,Polygender,Philippines,Room 430,3/21/2023,true,2009
585,Gunar,Blindt,gblindtg8@opera.com,Male,South Africa,7th Floor,10/21/2023,true,2000
586,Clemente,Wilne,cwilneg9@lycos.com,Male,Costa Rica,Suite 22,11/12/2023,true,1997
587,Gweneth,Dwyr,gdwyrga@istockphoto.com,Female,Sweden,Room 1861,8/24/2023,false,2012
588,Laina,Blewett,lblewettgb@meetup.com,Female,Germany,Apt 257,7/22/2023,true,2011
589,Astrix,Messham,amesshamgc@people.com.cn,Female,China,Room 1534,11/17/2022,true,1959
590,Wilbur,Ferrini,wferrinigd@digg.com,Male,Venezuela,PO Box 43510,1/15/2023,false,2010
591,Pietro,MacSkeagan,pmacskeagange@flavors.me,Male,Ukraine,Apt 1953,4/21/2023,true,2011
592,Homer,Casone,hcasonegf@joomla.org,Male,Ivory Coast,Apt 1787,9/30/2023,false,1993
593,Carlye,Jonuzi,cjonuzigg@ucla.edu,Female,Peru,Suite 83,3/16/2023,true,2002
594,Millicent,Spens,mspensgh@last.fm,Female,China,Room 1399,9/24/2023,true,2010
595,Dorothea,Peart,dpeartgi@nydailynews.com,Female,Spain,19th Floor,11/6/2023,false,2001
596,Guilbert,Antonioni,gantonionigj@accuweather.com,Male,Canada,Room 1401,8/19/2023,true,1998
597,Wilton,Hillan,whillangk@bigcartel.com,Male,Brazil,Apt 546,1/3/2023,false,2010
598,Robby,Lazer,rlazergl@cam.ac.uk,Female,Russia,Apt 410,4/4/2023,false,2008
599,Osmund,Gillon,ogillongm@paginegialle.it,Male,Indonesia,7th Floor,7/20/2023,true,1996
600,Michele,Heel,mheelgn@rakuten.co.jp,Male,Indonesia,Suite 7,4/22/2023,true,2002
601,Parnell,Hulburd,phulburdgo@wisc.edu,Male,Russia,Suite 31,1/6/2023,true,2004
602,Berny,Redwall,bredwallgp@chicagotribune.com,Female,Nigeria,Apt 1617,2/21/2023,false,1998
603,Harold,Geggie,hgeggiegq@ucoz.ru,Male,China,Suite 10,2/3/2023,false,2009
604,Ardis,Godley,agodleygr@globo.com,Female,Colombia,Suite 31,9/27/2023,false,2002
605,Archy,Balcock,abalcockgs@prweb.com,Non-binary,China,PO Box 84217,9/11/2023,false,1995
606,Say,Cobello,scobellogt@google.com.br,Male,Latvia,Room 932,8/31/2023,false,2010
607,Maurine,Troppmann,mtroppmanngu@weebly.com,Female,Indonesia,PO Box 44866,11/28/2022,true,2011
608,Elden,Domelow,edomelowgv@acquirethisname.com,Male,Ecuador,Apt 420,12/18/2022,false,1994
609,Willie,Leadbeater,wleadbeatergw@multiply.com,Male,Thailand,Suite 71,12/27/2022,false,2001
610,Sinclare,Kibbee,skibbeegx@census.gov,Male,France,PO Box 67442,9/6/2023,false,2004
611,Darcee,McAughtrie,dmcaughtriegy@census.gov,Non-binary,Honduras,15th Floor,11/14/2023,true,1997
612,Shay,Sutliff,ssutliffgz@squarespace.com,Male,Poland,Apt 173,10/6/2023,false,2008
613,Luciano,Jesty,ljestyh0@google.it,Male,Indonesia,PO Box 92422,1/13/2023,false,1994
614,Veradis,Norrington,vnorringtonh1@geocities.jp,Female,Ukraine,Apt 1658,10/16/2023,true,2008
615,Mitchael,Lantuff,mlantuffh2@nifty.com,Male,Philippines,Room 21,8/25/2023,true,2000
616,Analise,Casado,acasadoh3@usatoday.com,Female,Russia,15th Floor,5/13/2023,false,1996
617,Reynard,Thorald,rthoraldh4@stumbleupon.com,Male,China,Apt 1974,9/30/2023,true,2011
618,Ritchie,Zavattari,rzavattarih5@wisc.edu,Male,Malawi,Suite 94,4/23/2023,false,1999
619,Lita,Klimentov,lklimentovh6@meetup.com,Non-binary,Tajikistan,Room 1213,8/30/2023,false,2001
620,Brandea,Groarty,bgroartyh7@blogtalkradio.com,Female,Indonesia,Suite 32,7/27/2023,false,1998
621,Warren,Hackworth,whackworthh8@google.es,Male,Peru,17th Floor,11/23/2022,false,2003
622,Osborne,Gobeaux,ogobeauxh9@auda.org.au,Male,Tunisia,11th Floor,12/3/2022,false,2011
623,Ada,Worboys,aworboysha@indiegogo.com,Female,United States,PO Box 39559,4/25/2023,true,2003
624,Florian,O' Brian,fobrianhb@themeforest.net,Male,Morocco,Room 1599,9/18/2023,false,1999
625,Elle,Wrates,ewrateshc@abc.net.au,Female,Brazil,Room 946,9/21/2023,false,2012
626,Ansel,Morris,amorrishd@cargocollective.com,Male,South Africa,PO Box 77547,11/2/2023,true,1999
627,Angeli,Gonin,agoninhe@linkedin.com,Male,China,Suite 49,2/16/2023,false,1991
628,Winn,Quilliam,wquilliamhf@addthis.com,Male,Colombia,Suite 67,11/7/2023,true,1995
629,Romona,Munroe,rmunroehg@tinypic.com,Female,Philippines,Apt 132,2/1/2023,false,2004
630,Terri,Gammett,tgammetthh@google.com.hk,Female,Ethiopia,PO Box 31253,1/20/2023,false,2009
631,Herve,McDavitt,hmcdavitthi@friendfeed.com,Genderqueer,Colombia,PO Box 44578,9/18/2023,true,2002
632,Jewell,Hardeman,jhardemanhj@ca.gov,Female,Brazil,PO Box 51385,9/14/2023,true,2005
633,Harley,Spurr,hspurrhk@csmonitor.com,Male,Philippines,7th Floor,8/25/2023,false,2000
634,Karee,Orrow,korrowhl@cocolog-nifty.com,Female,Pakistan,7th Floor,5/21/2023,true,2007
635,Morie,McCrie,mmccriehm@google.co.jp,Male,Ecuador,18th Floor,7/28/2023,true,2007
636,Christian,Sifflett,csiffletthn@cdbaby.com,Male,Canada,PO Box 46027,9/1/2023,false,1995
637,Ashlin,Arkwright,aarkwrightho@amazon.de,Male,Philippines,Apt 196,11/6/2023,false,1998
638,Tristam,Lefeaver,tlefeaverhp@facebook.com,Male,Argentina,Room 1495,7/11/2023,false,2009
639,Isabella,Regnard,iregnardhq@altervista.org,Female,Morocco,Suite 41,12/11/2022,false,1985
640,Saundra,Southouse,ssouthousehr@intel.com,Female,Kenya,Suite 37,8/1/2023,true,1960
641,Anabel,Kilty,akiltyhs@t.co,Female,Poland,PO Box 72854,9/17/2023,true,1999
642,Maddie,Aksell,maksellht@opensource.org,Female,Syria,1st Floor,9/8/2023,true,2008
643,Kariotta,Deners,kdenershu@bbc.co.uk,Female,Iran,Suite 44,6/20/2023,true,1987
644,Regina,Glendza,rglendzahv@cnn.com,Female,Czech Republic,Suite 53,12/31/2022,false,1987
645,Berrie,Fillary,bfillaryhw@nba.com,Female,United States,15th Floor,3/15/2023,false,2007
646,Elysia,Alentyev,ealentyevhx@aboutads.info,Female,Russia,Room 1321,11/2/2023,true,1996
647,Geoffrey,Wilkins,gwilkinshy@freewebs.com,Male,Sweden,Suite 36,6/14/2023,false,1984
648,Jens,Kench,jkenchhz@google.es,Male,South Sudan,Apt 331,9/13/2023,true,1995
649,Kara,Kavanagh,kkavanaghi0@shareasale.com,Female,China,14th Floor,6/29/2023,false,1991
650,Sherman,Seyers,sseyersi1@kickstarter.com,Male,Argentina,PO Box 54275,10/10/2023,false,1999
651,Mindy,McGilvra,mmcgilvrai2@craigslist.org,Female,Pakistan,Apt 723,10/13/2023,false,1995
652,Markus,Wrenn,mwrenni3@patch.com,Male,Nigeria,Apt 125,11/4/2023,false,2002
653,Darlleen,Romaines,dromainesi4@sina.com.cn,Female,Ireland,Room 1986,5/20/2023,true,2008
654,Morey,Veld,mveldi5@naver.com,Male,Kuwait,PO Box 60150,5/30/2023,false,2007
655,Lawton,Kitteringham,lkitteringhami6@quantcast.com,Male,Sweden,Suite 69,8/17/2023,false,2000
656,Lucia,Sire,lsirei7@redcross.org,Female,Russia,Suite 49,10/27/2023,false,2010
657,Lesya,Gendrich,lgendrichi8@amazonaws.com,Female,Colombia,PO Box 59930,1/9/2023,false,2003
658,Tully,McQuilkin,tmcquilkini9@elegantthemes.com,Male,China,Suite 96,12/20/2022,true,1996
659,Murial,Peyntue,mpeyntueia@com.com,Female,Suriname,Apt 1996,1/21/2023,true,1988
660,Packston,Cantos,pcantosib@economist.com,Male,Poland,15th Floor,5/6/2023,false,2002
661,Julia,Tuffley,jtuffleyic@fda.gov,Female,Indonesia,Apt 914,2/25/2023,false,2002
662,Nesta,Petrozzi,npetrozziid@123-reg.co.uk,Female,Indonesia,Apt 349,8/18/2023,true,2010
663,Haskel,Raitt,hraittie@hhs.gov,Male,China,Suite 63,3/26/2023,false,2008
664,Jone,Vasse,jvasseif@scientificamerican.com,Male,Gambia,Suite 38,5/3/2023,false,1996
665,Carmel,Teodoro,cteodoroig@godaddy.com,Female,China,5th Floor,11/30/2022,false,1993
666,Teodor,Wakelam,twakelamih@nationalgeographic.com,Male,Russia,Apt 284,9/16/2023,false,2004
667,Enoch,Williamson,ewilliamsonii@huffingtonpost.com,Male,Azerbaijan,PO Box 66458,10/15/2023,true,1964
668,Roanna,Proughten,rproughtenij@jiathis.com,Bigender,Indonesia,PO Box 29159,2/24/2023,true,2003
669,Mommy,Clowser,mclowserik@bravesites.com,Female,Indonesia,Apt 1129,2/13/2023,true,2008
670,Horace,Botcherby,hbotcherbyil@amazon.co.jp,Male,China,Room 1854,10/25/2023,true,2009
671,Marius,Lympany,mlympanyim@feedburner.com,Male,China,Apt 1560,2/3/2023,true,1993
672,Min,Grimsley,mgrimsleyin@edublogs.org,Female,Guatemala,Room 1324,5/19/2023,true,2007
673,Edward,Fautly,efautlyio@salon.com,Male,France,Room 32,7/21/2023,false,1963
674,Wendi,Stroud,wstroudip@ustream.tv,Female,Kiribati,Room 106,1/12/2023,true,2013
675,Hagen,Cockshot,hcockshotiq@indiegogo.com,Male,Canada,PO Box 8309,9/2/2023,false,2013
676,North,Simmank,nsimmankir@comsenz.com,Male,Japan,Room 1432,11/3/2023,true,2010
677,Silvie,Portinari,sportinariis@examiner.com,Agender,China,PO Box 40256,12/25/2022,true,2000
678,Stephan,Hexam,shexamit@auda.org.au,Male,Malawi,Room 1149,3/2/2023,false,2010
679,Pru,Sweetlove,psweetloveiu@icq.com,Female,Russia,Room 885,12/26/2022,false,2011
680,Josefa,Anthonsen,janthonseniv@imgur.com,Female,China,Apt 52,8/19/2023,false,2000
681,Merrick,Bollans,mbollansiw@baidu.com,Male,American Samoa,11th Floor,5/13/2023,false,2012
682,Lucais,Bowker,lbowkerix@t.co,Male,Burkina Faso,Suite 64,10/1/2023,false,2012
683,Olivie,Arnson,oarnsoniy@yahoo.com,Female,Russia,Room 85,5/17/2023,false,1995
684,Arlana,Crathorne,acrathorneiz@aboutads.info,Female,China,4th Floor,2/8/2023,false,2010
685,Terra,Harcase,tharcasej0@cam.ac.uk,Genderfluid,Zambia,Apt 1238,7/22/2023,false,1969
686,Wit,Le Maitre,wlemaitrej1@amazon.co.uk,Male,China,Apt 143,3/1/2023,true,2013
687,Kerr,Kleen,kkleenj2@vk.com,Male,Russia,Room 1533,12/21/2022,false,2001
688,Franciskus,Simmons,fsimmonsj3@icq.com,Male,Portugal,Apt 1654,1/27/2023,false,2004
689,Roseline,Masser,rmasserj4@altervista.org,Genderqueer,Russia,PO Box 2321,4/29/2023,true,1995
690,Neely,Ewin,newinj5@bizjournals.com,Female,Greece,Suite 16,4/2/2023,false,1974
691,Ranna,Strase,rstrasej6@wikispaces.com,Female,Ukraine,Suite 90,7/5/2023,true,2008
692,Cob,Cords,ccordsj7@dedecms.com,Agender,Russia,Suite 1,8/27/2023,true,1998
693,Luz,Kopec,lkopecj8@yahoo.co.jp,Female,Cameroon,Suite 50,10/19/2023,false,1997
694,Latrena,Salvadori,lsalvadorij9@wunderground.com,Female,Ecuador,Apt 1556,12/9/2022,false,2011
695,Dexter,Buzek,dbuzekja@de.vu,Male,China,Apt 1690,8/19/2023,true,1985
696,Rodd,Sporle,rsporlejb@vk.com,Male,Kazakhstan,Room 836,8/30/2023,true,1992
697,Hendrick,Seabon,hseabonjc@shareasale.com,Male,Russia,Room 1045,11/10/2023,false,2005
698,Clayton,Demoge,cdemogejd@joomla.org,Male,Norway,Suite 65,8/5/2023,true,1997
699,Agnola,Hateley,ahateleyje@uol.com.br,Female,Mongolia,Apt 670,10/21/2023,true,1990
700,Rheba,Sewter,rsewterjf@scientificamerican.com,Female,Indonesia,PO Box 62316,8/10/2023,false,2001
701,Mata,Tack,mtackjg@lulu.com,Male,France,9th Floor,3/24/2023,false,2001
702,Darby,Alpine,dalpinejh@virginia.edu,Agender,China,Room 1359,12/19/2022,false,2000
703,Eleonore,Blacklawe,eblacklaweji@squarespace.com,Female,Brazil,16th Floor,3/8/2023,true,1993
704,Sander,Warboy,swarboyjj@dot.gov,Male,Russia,Room 1720,2/16/2023,false,1992
705,Therine,Grigorian,tgrigorianjk@telegraph.co.uk,Female,United Arab Emirates,Apt 791,7/23/2023,true,2001
706,Tawnya,Dietmar,tdietmarjl@upenn.edu,Polygender,Poland,7th Floor,7/17/2023,false,2012
707,Suki,Carlaw,scarlawjm@oakley.com,Female,France,Apt 1777,4/25/2023,false,2008
708,David,Ajam,dajamjn@freewebs.com,Male,Oman,PO Box 67152,3/8/2023,true,2010
709,Adrienne,Brazier,abrazierjo@state.tx.us,Female,Spain,Apt 1915,5/20/2023,true,1990
710,Imojean,Semken,isemkenjp@vinaora.com,Female,France,Room 1044,9/3/2023,true,2006
711,Rubina,Baigrie,rbaigriejq@hubpages.com,Female,South Africa,Apt 1504,2/25/2023,false,2001
712,Nefen,Slocomb,nslocombjr@sun.com,Male,China,Apt 784,10/11/2023,true,1992
713,Nessa,Luckham,nluckhamjs@ovh.net,Female,South Korea,Suite 38,10/18/2023,false,2010
714,Eliot,Chicchetto,echicchettojt@aboutads.info,Male,Japan,8th Floor,9/3/2023,true,2001
715,Wolfy,Harses,wharsesju@google.ru,Male,Gambia,Suite 55,5/10/2023,true,1999
716,Wynnie,Brusin,wbrusinjv@globo.com,Female,Burkina Faso,12th Floor,11/23/2022,true,1998
717,Evan,Tschursch,etschurschjw@exblog.jp,Male,Indonesia,PO Box 77257,4/6/2023,false,2001
718,Syman,McDougal,smcdougaljx@tripod.com,Male,Portugal,3rd Floor,8/14/2023,true,1998
719,Konrad,Ackwood,kackwoodjy@irs.gov,Male,China,1st Floor,10/1/2023,false,1991
720,Farica,Lowin,flowinjz@webs.com,Female,Argentina,PO Box 53890,6/29/2023,false,2001
721,Gwenora,Morphey,gmorpheyk0@state.tx.us,Female,Brazil,11th Floor,3/5/2023,true,2003
722,Arlie,Allso,aallsok1@cam.ac.uk,Female,Poland,Apt 1108,4/13/2023,false,1995
723,Orelle,Maass,omaassk2@technorati.com,Female,Albania,Room 1016,5/28/2023,true,1998
724,Orly,Lattimer,olattimerk3@is.gd,Female,Sweden,PO Box 96378,9/12/2023,true,1994
725,Gene,Stevani,gstevanik4@weebly.com,Male,China,1st Floor,4/29/2023,true,2005
726,Patty,Roelvink,proelvinkk5@sciencedirect.com,Male,Philippines,PO Box 62306,8/17/2023,true,2004
727,Nealy,Licari,nlicarik6@amazon.de,Male,Indonesia,Room 28,12/19/2022,true,2005
728,Rhiamon,Dearn,rdearnk7@1688.com,Female,Indonesia,PO Box 62766,5/4/2023,false,2004
729,Waylon,Faragan,wfaragank8@w3.org,Male,Canada,2nd Floor,7/9/2023,true,2004
730,Shayla,Streeting,sstreetingk9@sourceforge.net,Polygender,Russia,PO Box 15020,1/2/2023,false,1990
731,Georgena,Swayton,gswaytonka@nationalgeographic.com,Female,Kyrgyzstan,Suite 16,8/13/2023,false,1994
732,Antonina,Mudle,amudlekb@creativecommons.org,Female,Macedonia,Suite 87,11/3/2023,false,2007
733,Cornall,Capeling,ccapelingkc@si.edu,Male,Finland,Apt 1459,6/23/2023,false,2000
734,Rees,Regus,rreguskd@theatlantic.com,Male,Philippines,Room 1020,11/10/2023,true,2010
735,Sandie,Grinnell,sgrinnellke@ow.ly,Female,Japan,Apt 700,6/27/2023,false,1994
736,Meryl,Plose,mplosekf@netvibes.com,Male,Philippines,PO Box 43825,4/30/2023,true,1990
737,Alyson,Brickstock,abrickstockkg@nasa.gov,Female,Peru,Apt 554,1/19/2023,false,2005
738,Franchot,Poulgreen,fpoulgreenkh@mayoclinic.com,Male,Brazil,Room 111,4/25/2023,false,2006
739,Nicolais,Hucklesby,nhucklesbyki@irs.gov,Male,Russia,PO Box 93066,3/5/2023,true,2000
740,Merrie,Pearn,mpearnkj@creativecommons.org,Female,Nigeria,Apt 1672,8/7/2023,true,1989
741,Ruddy,Paulus,rpauluskk@wp.com,Male,Philippines,Apt 940,3/8/2023,false,2012
742,Em,Strother,estrotherkl@wix.com,Female,Japan,3rd Floor,11/20/2022,false,2012
743,Colman,Fruchter,cfruchterkm@redcross.org,Male,Colombia,PO Box 79259,9/6/2023,false,2001
744,Conway,Blythin,cblythinkn@wired.com,Male,China,Suite 60,7/29/2023,true,1984
745,Sherm,Golightly,sgolightlyko@de.vu,Male,Poland,3rd Floor,4/10/2023,true,2005
746,Tremaine,Labbe,tlabbekp@answers.com,Male,Macedonia,PO Box 78767,2/6/2023,true,2002
747,Miguela,Warnes,mwarneskq@columbia.edu,Female,China,Room 788,5/10/2023,false,2005
748,Sayre,Gewer,sgewerkr@nsw.gov.au,Male,Peru,17th Floor,4/6/2023,false,1996
749,Gal,Burfitt,gburfittks@mtv.com,Male,Czech Republic,Apt 1106,3/9/2023,true,2003
750,Des,Stockoe,dstockoekt@naver.com,Genderfluid,South Africa,Suite 85,4/9/2023,true,2001
751,Immanuel,Livens,ilivensku@people.com.cn,Male,Poland,Apt 1789,8/2/2023,false,1989
752,Abdul,Culver,aculverkv@i2i.jp,Male,Poland,Room 914,10/14/2023,true,1992
753,Tadeo,Hasslocher,thasslocherkw@booking.com,Male,China,Apt 682,8/14/2023,true,2007
754,Violet,Weedenburg,vweedenburgkx@quantcast.com,Female,France,PO Box 28022,7/17/2023,false,2010
755,Harlene,Fitzjohn,hfitzjohnky@ca.gov,Female,China,PO Box 21008,5/14/2023,true,2006
756,Dennis,Stribbling,dstribblingkz@webs.com,Bigender,El Salvador,PO Box 46952,5/21/2023,false,1991
757,Craig,Gudahy,cgudahyl0@cbslocal.com,Male,Philippines,Suite 4,10/18/2023,true,1988
758,Parrnell,Gounin,pgouninl1@nbcnews.com,Male,Yemen,Suite 47,10/10/2023,false,2011
759,Teodoor,Mac Giany,tmacgianyl2@freewebs.com,Male,Syria,Suite 70,1/4/2023,true,2001
760,Maude,Cowwell,mcowwelll3@dion.ne.jp,Female,China,Suite 99,11/23/2022,true,2002
761,Herschel,Ebbett,hebbettl4@linkedin.com,Male,Ivory Coast,PO Box 46379,7/8/2023,true,2009
762,Cathy,Dael,cdaell5@arstechnica.com,Female,France,1st Floor,7/9/2023,false,1995
763,Shani,Donoher,sdonoherl6@vk.com,Female,Tanzania,Suite 24,3/19/2023,false,2008
764,Wendie,Greenman,wgreenmanl7@state.gov,Female,Russia,Suite 12,1/7/2023,false,2011
765,Modesty,Worsnup,mworsnupl8@imgur.com,Female,Russia,PO Box 43916,10/17/2023,true,2005
766,Hyacinth,Dowsett,hdowsettl9@apple.com,Female,Russia,Apt 76,4/22/2023,true,2000
767,Lorri,Dickon,ldickonla@imageshack.us,Agender,Nicaragua,Room 1903,8/7/2023,false,2002
768,Lamar,Bednell,lbednelllb@histats.com,Male,Indonesia,PO Box 25505,4/16/2023,true,1990
769,Guillema,Hinsch,ghinschlc@blog.com,Female,Japan,15th Floor,3/7/2023,false,2010
770,Averell,Theml,athemlld@technorati.com,Male,Russia,Room 694,7/3/2023,true,2009
771,Albertine,Hatter,ahatterle@elegantthemes.com,Female,Philippines,Suite 16,11/24/2022,true,2001
772,Husein,Skule,hskulelf@wisc.edu,Genderqueer,Czech Republic,Apt 366,2/12/2023,false,2001
773,Clem,Bowshire,cbowshirelg@free.fr,Male,Chad,Room 1664,5/19/2023,false,2002
774,L;urette,Lahy,llahylh@unblog.fr,Female,Philippines,Apt 1929,3/10/2023,false,2004
775,Casandra,Bernat,cbernatli@dell.com,Female,Russia,Apt 1949,4/30/2023,true,1986
776,Brig,Sanchez,bsanchezlj@reddit.com,Male,Portugal,PO Box 38892,8/31/2023,true,1995
777,Michel,Willoughway,mwilloughwaylk@admin.ch,Male,Indonesia,Suite 13,12/23/2022,true,2003
778,Norene,Heindle,nheindlell@gravatar.com,Female,Russia,16th Floor,6/1/2023,true,2012
779,Joelly,MacCrachen,jmaccrachenlm@huffingtonpost.com,Female,Brazil,6th Floor,8/20/2023,false,1986
780,Bendix,Coyne,bcoyneln@cbsnews.com,Male,China,Suite 4,12/9/2022,true,2009
781,Leonidas,Wyllt,lwylltlo@hexun.com,Male,Philippines,Apt 1135,12/1/2022,false,2008
782,Zsa zsa,Fernandes,zfernandeslp@ameblo.jp,Female,Bosnia and Herzegovina,5th Floor,5/1/2023,false,1993
783,Edy,Berr,eberrlq@twitter.com,Agender,Russia,Room 182,2/3/2023,false,2012
784,Karlee,Casellas,kcasellaslr@wikimedia.org,Female,Micronesia,Apt 888,5/23/2023,false,1989
785,Nathalia,Mechi,nmechils@hexun.com,Female,Indonesia,7th Floor,11/22/2022,false,2001
786,Cletus,Kinneally,ckinneallylt@alexa.com,Male,China,20th Floor,12/28/2022,false,1985
787,Nanny,Condict,ncondictlu@fda.gov,Female,China,5th Floor,11/26/2022,true,1991
788,Clotilda,Fritschel,cfritschellv@booking.com,Female,Brazil,PO Box 10301,5/15/2023,false,1995
789,Erhart,Dayment,edaymentlw@scribd.com,Male,Brazil,Apt 250,7/1/2023,true,1990
790,Lindsay,Tidcomb,ltidcomblx@1und1.de,Female,Indonesia,Room 1098,10/28/2023,false,2006
791,Patsy,Dorman,pdormanly@constantcontact.com,Male,Japan,PO Box 59369,9/3/2023,false,2007
792,Kalina,Gravener,kgravenerlz@histats.com,Female,Sweden,Suite 88,8/28/2023,false,1979
793,Eduard,Spanton,espantonm0@techcrunch.com,Male,Russia,Apt 1638,7/14/2023,true,2001
794,Em,Kinchin,ekinchinm1@imdb.com,Female,Sweden,Suite 63,6/12/2023,false,2003
795,Chase,Issatt,cissattm2@psu.edu,Male,Cape Verde,Apt 647,10/20/2023,false,2005
796,Bertha,Havvock,bhavvockm3@spotify.com,Female,Kosovo,4th Floor,10/27/2023,true,1991
797,Jillie,Pease,jpeasem4@go.com,Female,Greece,Apt 329,10/5/2023,false,1999
798,Maible,Stringfellow,mstringfellowm5@arizona.edu,Female,China,Apt 1418,12/12/2022,false,2012
799,Ky,Bengtsson,kbengtssonm6@goo.ne.jp,Male,Indonesia,18th Floor,4/17/2023,true,2006
800,Jan,Shillabear,jshillabearm7@hibu.com,Male,Russia,Room 1622,10/11/2023,false,1993
801,Murry,Tichner,mtichnerm8@washington.edu,Male,Portugal,Apt 1240,5/26/2023,true,2012
802,Rodge,Blannin,rblanninm9@reddit.com,Male,China,PO Box 64646,6/30/2023,false,2012
803,Rosita,Kindle,rkindlema@businessweek.com,Female,Poland,Room 813,8/27/2023,true,1993
804,Misha,Gascoigne,mgascoignemb@prlog.org,Female,China,Suite 48,12/18/2022,true,2006
805,Irvine,Chazerand,ichazerandmc@a8.net,Male,South Korea,Apt 1109,3/22/2023,true,2010
806,Marchall,Coulthart,mcoulthartmd@flavors.me,Male,Indonesia,PO Box 45073,9/21/2023,true,2001
807,Jessalin,Form,jformme@rakuten.co.jp,Female,Peru,13th Floor,4/28/2023,true,1994
808,Kermie,Ventom,kventommf@creativecommons.org,Male,United States,20th Floor,1/2/2023,false,2001
809,Jere,Branca,jbrancamg@parallels.com,Male,Malta,Room 1547,4/7/2023,true,1993
810,Terence,Pate,tpatemh@businesswire.com,Male,Indonesia,Suite 13,2/17/2023,true,2009
811,Diarmid,Perott,dperottmi@webs.com,Male,Greece,5th Floor,2/16/2023,true,2003
812,Alano,Attride,aattridemj@unicef.org,Male,Japan,Room 1441,9/2/2023,true,1996
813,Livvyy,Elleyne,lelleynemk@wiley.com,Female,China,PO Box 76987,11/8/2023,false,1987
814,Kimbell,Scarsbrooke,kscarsbrookeml@wp.com,Male,Iran,PO Box 51661,5/5/2023,true,2008
815,Cathlene,Courtes,ccourtesmm@sogou.com,Female,China,Suite 21,7/1/2023,false,1984
816,Stormy,Denington,sdeningtonmn@netvibes.com,Agender,Japan,Apt 178,10/10/2023,true,2000
817,Prentiss,McGilvray,pmcgilvraymo@independent.co.uk,Male,Belarus,Suite 21,4/29/2023,false,1989
818,Oriana,Culp,oculpmp@cnet.com,Female,Russia,PO Box 72956,11/6/2023,false,1986
819,Booth,Iuorio,biuoriomq@opensource.org,Genderqueer,Colombia,Room 681,12/31/2022,false,1995
820,Craig,Cattle,ccattlemr@harvard.edu,Male,Philippines,Suite 83,9/10/2023,true,1956
821,Tabbatha,Rozet,trozetms@desdev.cn,Female,Indonesia,Suite 95,11/13/2023,true,1986
822,Letitia,Beese,lbeesemt@spotify.com,Female,Democratic Republic of the Congo,PO Box 48173,10/6/2023,false,2002
823,Isahella,Bogeys,ibogeysmu@google.co.uk,Female,Jamaica,Suite 16,8/8/2023,false,2009
824,Rosalinde,MacPeice,rmacpeicemv@buzzfeed.com,Female,China,8th Floor,11/8/2023,false,2012
825,Alidia,Koschke,akoschkemw@discovery.com,Female,Croatia,Apt 1714,10/21/2023,false,2000
826,Brock,Clementi,bclementimx@springer.com,Male,China,Suite 29,11/16/2022,false,2005
827,Andree,Lovekin,alovekinmy@huffingtonpost.com,Female,Thailand,Apt 12,6/12/2023,false,1962
828,Oates,Gabel,ogabelmz@tiny.cc,Male,Philippines,Room 419,2/9/2023,false,2001
829,Delora,Riseborough,driseboroughn0@nsw.gov.au,Female,China,Room 1311,9/18/2023,false,2000
830,Xenos,Segoe,xsegoen1@facebook.com,Male,Ireland,Suite 74,4/20/2023,false,1997
831,Jilleen,Honeywood,jhoneywoodn2@yellowpages.com,Female,United States,Room 864,7/1/2023,false,1985
832,Morey,Weymont,mweymontn3@addtoany.com,Male,Finland,Room 1491,11/5/2023,false,2008
833,Noel,Thorne,nthornen4@unesco.org,Male,Sweden,Suite 86,12/17/2022,true,2008
834,Fonsie,Caulfield,fcaulfieldn5@smugmug.com,Male,Portugal,Room 941,7/31/2023,true,1967
835,Beth,Frosch,bfroschn6@ft.com,Female,Indonesia,Apt 1141,8/4/2023,true,1995
836,Michael,Foye,mfoyen7@ted.com,Male,Canada,Suite 58,11/23/2022,false,2004
837,Kanya,Konertz,kkonertzn8@census.gov,Female,China,Suite 62,3/15/2023,true,1996
838,Waiter,Lobe,wloben9@accuweather.com,Male,China,1st Floor,5/9/2023,true,2004
839,Fern,Tuff,ftuffna@va.gov,Non-binary,Philippines,Room 1156,9/13/2023,false,1990
840,Silvano,Rubartelli,srubartellinb@mac.com,Male,Honduras,Suite 10,4/4/2023,true,2007
841,Terza,Cossem,tcossemnc@qq.com,Female,Bolivia,5th Floor,11/5/2023,true,1960
842,Bev,Benez,bbeneznd@google.ru,Male,Croatia,14th Floor,6/7/2023,false,1996
843,Kev,Schruyer,kschruyerne@wikispaces.com,Genderqueer,Philippines,Apt 839,4/11/2023,true,1997
844,Windy,Teas,wteasnf@hud.gov,Female,China,Room 502,6/6/2023,false,2000
845,Marys,Folonin,mfoloninng@nps.gov,Female,Syria,PO Box 4848,6/22/2023,true,2000
846,Alexa,Hyams,ahyamsnh@reverbnation.com,Female,Indonesia,Room 1456,12/14/2022,false,1996
847,Artie,Dellenbrook,adellenbrookni@godaddy.com,Male,Spain,Suite 53,7/24/2023,true,2002
848,Ranee,Spaunton,rspauntonnj@g.co,Female,Philippines,3rd Floor,11/24/2022,true,2009
849,Abraham,Clace,aclacenk@japanpost.jp,Male,Bosnia and Herzegovina,Room 1718,3/27/2023,true,2001
850,Al,Pochin,apochinnl@opera.com,Male,China,17th Floor,4/6/2023,true,1990
851,Hernando,Ummfrey,hummfreynm@umich.edu,Male,United States,17th Floor,3/8/2023,true,1988
852,Crystal,MacTrustram,cmactrustramnn@ox.ac.uk,Female,New Zealand,14th Floor,10/31/2023,false,1995
853,Millie,Scard,mscardno@github.com,Female,Honduras,Apt 1322,5/6/2023,true,2008
854,Carmencita,Aleevy,caleevynp@shareasale.com,Female,France,Room 1589,8/17/2023,false,2004
855,Marcille,Bulbeck,mbulbecknq@ameblo.jp,Female,China,7th Floor,5/16/2023,true,1992
856,Rosalind,Rounce,rrouncenr@wix.com,Female,Portugal,PO Box 72585,7/21/2023,true,2005
857,Adolphe,Dureden,aduredenns@imdb.com,Male,Thailand,Suite 47,6/10/2023,false,1995
858,Cheryl,Skerm,cskermnt@jigsy.com,Female,Kazakhstan,PO Box 38075,11/27/2022,false,2008
859,Aguste,Pinnijar,apinnijarnu@sphinn.com,Male,Brazil,11th Floor,8/12/2023,false,1987
860,Aldous,Speakman,aspeakmannv@tumblr.com,Genderqueer,Iran,Room 1435,4/13/2023,false,1998
861,Brooks,Jansson,bjanssonnw@npr.org,Male,Sweden,20th Floor,10/11/2023,false,1998
862,Sheri,Springett,sspringettnx@washington.edu,Female,Ukraine,Room 1978,5/6/2023,false,2001
863,Barby,Heffron,bheffronny@china.com.cn,Female,Portugal,18th Floor,2/9/2023,false,2010
864,Kaleb,Ghelardi,kghelardinz@go.com,Male,Brazil,Room 1989,4/27/2023,true,1986
865,Mord,Souch,msoucho0@mapquest.com,Male,Portugal,12th Floor,5/18/2023,true,1986
866,Alexis,Guirardin,aguirardino1@yelp.com,Female,Afghanistan,Suite 60,5/29/2023,true,2006
867,Odele,Ybarra,oybarrao2@comsenz.com,Female,Brazil,Apt 334,1/6/2023,false,2009
868,Lancelot,Bartunek,lbartuneko3@china.com.cn,Male,China,18th Floor,7/7/2023,true,2011
869,Stefania,Dael,sdaelo4@npr.org,Female,Indonesia,17th Floor,4/1/2023,false,1989
870,Barrie,Robert,broberto5@ftc.gov,Male,France,Suite 70,9/13/2023,true,1990
871,Eric,Curless,ecurlesso6@usnews.com,Male,China,Room 1451,4/10/2023,false,2010
872,Ingar,Veld,iveldo7@github.com,Non-binary,Czech Republic,5th Floor,1/2/2023,true,1998
873,Oneida,Glyde,oglydeo8@thetimes.co.uk,Agender,China,Room 1051,2/27/2023,true,1992
874,Bowie,McSparran,bmcsparrano9@intel.com,Male,Philippines,Room 649,8/18/2023,false,2006
875,Camel,Carcas,ccarcasoa@ted.com,Female,Palestinian Territory,Room 990,4/29/2023,true,1991
876,Sabrina,Sach,ssachob@cloudflare.com,Female,Iran,Room 1027,7/17/2023,true,2012
877,Kelci,Garriock,kgarriockoc@washingtonpost.com,Female,Argentina,Suite 81,9/10/2023,false,2009
878,Cassondra,Dufaire,cdufaireod@tmall.com,Female,Venezuela,Room 39,7/4/2023,true,2007
879,Mead,Ditter,mditteroe@themeforest.net,Female,Philippines,PO Box 86197,10/9/2023,true,2002
880,Haslett,Ribey,hribeyof@instagram.com,Male,Poland,Suite 59,8/2/2023,false,2010
881,Jorie,Haylands,jhaylandsog@state.gov,Female,China,Room 1206,4/7/2023,true,1996
882,Martguerita,Sawdon,msawdonoh@virginia.edu,Female,Canada,Suite 76,8/13/2023,false,2005
883,Delmer,Olivazzi,dolivazzioi@nsw.gov.au,Male,Brazil,9th Floor,8/22/2023,false,1994
884,Jobina,Gulland,jgullandoj@wordpress.org,Female,Russia,Apt 1583,11/28/2022,true,2011
885,Giles,McIlhone,gmcilhoneok@dropbox.com,Male,Portugal,4th Floor,7/31/2023,true,2010
886,Ester,Deekes,edeekesol@patch.com,Female,Iran,Room 368,7/14/2023,true,2004
887,Maurise,Sertin,msertinom@blogs.com,Female,Benin,12th Floor,3/27/2023,false,2012
888,Nolana,Garms,ngarmson@posterous.com,Female,Nigeria,11th Floor,5/19/2023,false,2002
889,Linc,Moore,lmooreoo@weibo.com,Agender,Hungary,2nd Floor,6/11/2023,true,1999
890,Addison,Smalecombe,asmalecombeop@wordpress.org,Male,China,PO Box 55069,3/31/2023,false,2011
891,Rourke,Bangley,rbangleyoq@archive.org,Male,Indonesia,Suite 81,5/10/2023,false,2011
892,Vevay,Hinstock,vhinstockor@scientificamerican.com,Female,Latvia,Suite 9,7/21/2023,true,1994
893,Wyatan,Garey,wgareyos@friendfeed.com,Genderfluid,China,Suite 35,12/3/2022,false,2008
894,Rori,Shewery,rsheweryot@arizona.edu,Female,France,PO Box 90665,10/3/2023,false,2012
895,Thatcher,Tyt,ttytou@google.com.hk,Male,China,Suite 51,12/31/2022,false,1993
896,Elga,Seabon,eseabonov@google.com.hk,Female,Indonesia,Apt 669,8/14/2023,true,1995
897,Coletta,Fulun,cfulunow@domainmarket.com,Female,Brazil,PO Box 35624,11/24/2022,true,2009
898,Danila,Cristoforo,dcristoforoox@narod.ru,Female,Portugal,Suite 10,2/11/2023,false,1994
899,Eddie,Gerson,egersonoy@youtu.be,Male,Argentina,PO Box 54468,3/2/2023,true,2005
900,Paloma,Grigson,pgrigsonoz@tinypic.com,Female,China,Apt 807,2/21/2023,false,2008
